Calling Party,Called Party,IMEI,IMSI,Call Date,Call Type,Start Time,End Time,Duration (seconds)
7806566906,7138293654,062562145495284,718316146034816,2024-08-13,SMS In,06:25:50,N/A,0
8581916045,8366256065,056867908299113,137911514839499,2024-05-07,SMS In,23:11:17,N/A,0
8546153259,7028705640,230776734184963,700140413585133,2024-10-25,Voice In,00:57:08,02:16:59,4791
7982574554,8754470786,135125722662329,161145201063753,2024-11-26,SMS In,23:11:24,N/A,0
7028705640,8566239944,253463756543498,005803058135918,2024-10-11,Voice In,18:44:51,19:21:41,2210
9242792393,7716701810,407864753185744,599135533055726,2024-01-29,Voice In,07:08:43,08:13:47,3904
9514458697,9469770332,715218814171333,024472683020566,2024-05-24,Voice Out,13:24:51,14:50:10,5119
9900284751,7045493330,408866507212774,357635519969195,2024-04-18,SMS Out,04:52:58,N/A,0
8334673086,7781243798,583027812159898,798239532595296,2024-06-29,SMS In,16:38:04,N/A,0
7640598641,7045493330,294887372039913,608507055839403,2024-06-14,SMS Out,12:57:35,N/A,0
7939465365,7609902824,352358327788419,108100035754906,2024-11-07,Voice In,01:50:14,03:17:53,5259
8684364166,8098153439,222947218612360,885269053545031,2024-04-21,SMS Out,22:40:17,N/A,0
7348070948,8581916045,849207618190597,297755693320985,2024-05-17,SMS In,01:47:16,N/A,0
8227392916,8581916045,937178121815496,385630268238037,2024-11-30,SMS Out,14:08:44,N/A,0
8158925965,7609902824,963168385418603,123062308069895,2024-02-04,SMS In,06:22:09,N/A,0
8098153439,7806566906,620452091541038,904378769763320,2024-05-04,Voice In,21:52:23,00:38:42,9979
8532263127,8158925965,572009376387329,949461410385002,2024-12-12,Voice In,04:41:25,04:52:23,658
7982574554,7348070948,135125722662329,161145201063753,2024-06-13,SMS In,16:57:48,N/A,0
8546153259,9514458697,230776734184963,700140413585133,2024-09-02,Voice Out,18:52:46,19:21:10,1704
8298280128,7958574881,107716786163848,080756900262526,2024-03-16,SMS In,08:23:34,N/A,0
7168269389,7031600359,117538551127772,151106063048823,2024-03-03,SMS In,17:16:04,N/A,0
8334673086,7045493330,583027812159898,798239532595296,2024-10-12,Voice In,11:05:14,13:51:29,9975
8366256065,7871757573,064022071770182,064446978312372,2024-02-12,SMS In,12:10:00,N/A,0
9455651921,8566239944,031787059778317,112107182783448,2024-06-06,Voice Out,08:32:28,09:19:32,2824
9716047486,9469770332,401271742616740,157493413098770,2024-03-22,Voice In,23:24:41,01:01:11,5790
7781243798,9522978199,068846037657665,137921029330216,2024-12-15,Voice Out,05:18:03,07:53:12,9309
8533504784,7769490335,500239969025950,416646710583283,2024-10-31,Voice Out,08:39:32,10:36:42,7030
7028705640,9860867430,253463756543498,005803058135918,2024-07-16,Voice In,08:11:02,11:00:24,10162
8532263127,8546153259,572009376387329,949461410385002,2024-03-17,Voice Out,16:22:15,16:53:01,1846
7716701810,7982574554,771297485960652,354074154150902,2024-12-24,SMS Out,01:54:37,N/A,0
9242792393,8532263127,407864753185744,599135533055726,2024-11-25,Voice In,21:17:01,22:00:30,2609
7927181126,7028705640,178673952581511,090908020975545,2024-11-26,Voice In,22:08:38,23:14:22,3944
7982574554,7716701810,135125722662329,161145201063753,2024-10-24,Voice Out,16:10:05,18:09:41,7176
9269614701,9974178652,113706123794039,999414593020286,2024-01-01,SMS In,07:08:44,N/A,0
9514458697,7716701810,715218814171333,024472683020566,2024-07-02,SMS In,04:52:40,N/A,0
9242792393,7939465365,407864753185744,599135533055726,2024-03-28,SMS Out,05:13:36,N/A,0
8566239944,9269614701,287717969474467,606691959018165,2024-10-12,SMS In,17:23:13,N/A,0
8366256065,7970519500,064022071770182,064446978312372,2024-06-09,Voice Out,05:24:13,08:14:12,10199
8043138732,9242792393,273076852486685,886598907365915,2024-09-25,SMS In,02:36:52,N/A,0
8566239944,8043138732,287717969474467,606691959018165,2024-01-02,SMS In,20:29:35,N/A,0
7958574881,8849351086,036416776746384,736970950862896,2024-09-01,Voice In,05:46:02,05:48:41,159
9680252122,7348070948,313755378249842,765916816703907,2024-12-19,SMS Out,01:04:06,N/A,0
9455651921,7014841668,031787059778317,112107182783448,2024-10-21,Voice In,05:50:00,08:18:03,8883
9680252122,8754470786,313755378249842,765916816703907,2024-06-01,SMS In,12:45:17,N/A,0
8098153439,8754470786,620452091541038,904378769763320,2024-03-30,SMS In,09:55:12,N/A,0
8043138732,8366256065,273076852486685,886598907365915,2024-11-06,SMS In,08:29:35,N/A,0
8581916045,7045493330,056867908299113,137911514839499,2024-08-03,Voice Out,15:16:09,15:49:29,2000
9514458697,8532263127,715218814171333,024472683020566,2024-07-07,SMS In,08:38:58,N/A,0
7716701810,8684364166,771297485960652,354074154150902,2024-11-30,SMS In,15:58:38,N/A,0
7871757573,7781243798,388843621961935,850985620703714,2024-04-25,Voice In,21:50:43,22:57:09,3986
9242792393,7014841668,407864753185744,599135533055726,2024-04-12,Voice Out,09:00:10,10:01:50,3700
8581916045,9680252122,056867908299113,137911514839499,2024-07-20,Voice Out,22:13:01,00:36:32,8611
9900284751,8546153259,408866507212774,357635519969195,2024-09-06,SMS Out,21:38:50,N/A,0
9455651921,7045493330,031787059778317,112107182783448,2024-08-28,Voice Out,14:20:34,14:28:47,493
9726339577,8043138732,930874193674766,684381486913231,2024-08-23,Voice Out,02:01:59,02:02:11,12
8546153259,7028705640,230776734184963,700140413585133,2024-08-01,SMS In,21:10:39,N/A,0
7460333207,7982574554,433303244036227,924843807081017,2024-02-25,SMS In,01:20:09,N/A,0
7958574881,8532263127,036416776746384,736970950862896,2024-07-17,SMS In,20:36:50,N/A,0
8298280128,9242792393,107716786163848,080756900262526,2024-12-29,Voice Out,13:52:38,15:56:38,7440
9469770332,7263541753,435422008921139,267573258885144,2024-12-26,SMS In,09:13:46,N/A,0
7168269389,9469770332,117538551127772,151106063048823,2024-04-29,SMS In,23:48:52,N/A,0
9974178652,9680252122,270191394609903,931685839952202,2024-05-27,SMS In,06:05:04,N/A,0
9242792393,7263541753,407864753185744,599135533055726,2024-10-04,Voice Out,09:23:58,11:33:41,7783
8366256065,8298280128,064022071770182,064446978312372,2024-02-27,SMS Out,18:44:18,N/A,0
7609902824,7716701810,476890846687669,983664113285101,2024-05-16,Voice Out,16:20:38,18:50:22,8984
7927181126,7982574554,178673952581511,090908020975545,2024-07-05,Voice Out,00:21:52,03:13:08,10276
9469770332,9242792393,435422008921139,267573258885144,2024-08-01,SMS Out,23:17:46,N/A,0
9680252122,8546153259,313755378249842,765916816703907,2024-09-09,SMS In,20:38:13,N/A,0
8043138732,9900284751,273076852486685,886598907365915,2024-10-10,SMS In,03:56:23,N/A,0
7716701810,9242792393,771297485960652,354074154150902,2024-01-29,SMS In,02:58:22,N/A,0
7045493330,8849351086,541315468880861,538843059035963,2024-07-01,Voice Out,19:47:57,20:10:17,1340
9242792393,9269614701,407864753185744,599135533055726,2024-07-29,Voice In,23:09:48,01:49:06,9558
7958574881,7014841668,036416776746384,736970950862896,2024-02-24,Voice In,18:01:51,18:15:07,796
7716701810,8836388495,771297485960652,354074154150902,2024-02-29,Voice In,07:38:09,10:25:13,10024
9900284751,7031600359,408866507212774,357635519969195,2024-08-17,Voice Out,15:42:18,17:06:04,5026
8043138732,8754470786,273076852486685,886598907365915,2024-12-09,Voice In,10:46:07,12:24:36,5909
9900284751,8298280128,408866507212774,357635519969195,2024-12-02,Voice In,07:17:18,08:51:56,5678
9726339577,7781243798,930874193674766,684381486913231,2024-06-26,SMS Out,21:56:12,N/A,0
7609902824,9860867430,476890846687669,983664113285101,2024-01-23,SMS Out,08:40:56,N/A,0
7138293654,9900284751,651372636966859,376823565801248,2024-07-24,SMS In,02:05:01,N/A,0
7045493330,8158925965,541315468880861,538843059035963,2024-05-19,Voice Out,16:40:10,17:09:34,1764
8098153439,7028705640,620452091541038,904378769763320,2024-04-28,SMS Out,14:37:36,N/A,0
8581916045,9242792393,056867908299113,137911514839499,2024-04-26,Voice Out,10:28:10,11:58:57,5447
7640598641,7958574881,294887372039913,608507055839403,2024-05-13,SMS Out,14:31:20,N/A,0
9242792393,7609902824,407864753185744,599135533055726,2024-11-14,Voice In,00:34:28,00:47:11,763
8533504784,8546153259,500239969025950,416646710583283,2024-08-08,SMS In,21:52:16,N/A,0
9469770332,8098153439,435422008921139,267573258885144,2024-07-31,Voice Out,23:40:05,00:08:20,1695
9242792393,7939465365,407864753185744,599135533055726,2024-03-08,Voice Out,22:12:29,22:57:49,2720
9893158376,8158925965,434109776314099,275742770742417,2024-06-29,SMS Out,11:17:22,N/A,0
8098153439,7970519500,620452091541038,904378769763320,2024-09-18,Voice Out,13:35:13,15:29:47,6874
8581916045,7028705640,056867908299113,137911514839499,2024-06-30,Voice In,01:50:43,04:08:00,8237
7460333207,9974178652,433303244036227,924843807081017,2024-12-15,SMS In,21:54:07,N/A,0
8533504784,9522978199,500239969025950,416646710583283,2024-04-06,SMS In,10:00:38,N/A,0
7769490335,7031600359,790047229163152,924606356904398,2024-02-01,SMS Out,07:45:55,N/A,0
8334673086,8533504784,583027812159898,798239532595296,2024-07-14,SMS Out,11:03:11,N/A,0
7138293654,7781243798,651372636966859,376823565801248,2024-03-27,SMS In,04:45:04,N/A,0
8581916045,7769490335,056867908299113,137911514839499,2024-11-06,SMS Out,00:45:15,N/A,0
9900284751,7460333207,408866507212774,357635519969195,2024-11-09,SMS In,06:31:44,N/A,0
7045493330,7939465365,541315468880861,538843059035963,2024-06-14,Voice Out,19:19:56,21:19:36,7180
8581916045,9893158376,056867908299113,137911514839499,2024-04-02,Voice Out,06:46:11,09:30:54,9883
9680252122,8298280128,313755378249842,765916816703907,2024-04-29,SMS In,18:08:53,N/A,0
7028705640,9860867430,253463756543498,005803058135918,2024-02-28,SMS In,23:38:18,N/A,0
7263541753,8298280128,807814417213899,582639707972450,2024-08-15,SMS Out,12:44:07,N/A,0
7982574554,9974178652,135125722662329,161145201063753,2024-03-11,SMS Out,10:21:32,N/A,0
8043138732,8849351086,273076852486685,886598907365915,2024-08-11,SMS In,23:14:19,N/A,0
7958574881,8546153259,036416776746384,736970950862896,2024-06-06,SMS In,15:48:45,N/A,0
9455651921,7263541753,031787059778317,112107182783448,2024-04-09,Voice Out,19:01:37,21:01:12,7175
8532263127,8684364166,572009376387329,949461410385002,2024-05-26,Voice In,00:43:45,01:30:52,2827
9860867430,7028705640,235457378733517,442054499778935,2024-04-05,Voice In,01:02:41,02:34:50,5529
7982574554,7640598641,135125722662329,161145201063753,2024-03-08,SMS Out,03:24:21,N/A,0
7263541753,8043138732,807814417213899,582639707972450,2024-02-24,Voice In,20:59:16,21:49:30,3014
8754470786,8043138732,313981315954572,357243832021319,2024-09-04,Voice In,17:25:40,20:02:48,9428
9242792393,8532263127,407864753185744,599135533055726,2024-03-13,SMS Out,09:43:46,N/A,0
8366256065,9522978199,064022071770182,064446978312372,2024-01-13,Voice Out,17:55:15,18:07:18,723
8836388495,9522978199,144288397673316,250448038255330,2024-06-08,SMS In,05:11:09,N/A,0
8533504784,8366256065,500239969025950,416646710583283,2024-10-10,SMS Out,01:03:42,N/A,0
7028705640,7939465365,253463756543498,005803058135918,2024-05-09,SMS In,09:06:37,N/A,0
8533504784,9716047486,500239969025950,416646710583283,2024-12-30,SMS In,02:16:22,N/A,0
9514458697,7138293654,715218814171333,024472683020566,2024-07-13,Voice Out,09:00:17,11:40:11,9594
8098153439,9522978199,620452091541038,904378769763320,2024-04-25,Voice Out,02:47:45,03:51:21,3816
9716047486,8533504784,401271742616740,157493413098770,2024-09-28,SMS Out,02:07:39,N/A,0
7806566906,7263541753,062562145495284,718316146034816,2024-12-02,Voice Out,02:28:01,03:13:26,2725
8566239944,9893158376,287717969474467,606691959018165,2024-01-16,SMS Out,18:54:49,N/A,0
7716701810,8546153259,771297485960652,354074154150902,2024-05-01,SMS Out,23:42:59,N/A,0
8298280128,7014841668,107716786163848,080756900262526,2024-08-01,Voice Out,14:00:07,16:51:23,10276
9522978199,7781243798,838572975908851,734723671082585,2024-04-01,SMS Out,17:42:41,N/A,0
7781243798,9514458697,068846037657665,137921029330216,2024-08-06,SMS Out,09:24:22,N/A,0
8684364166,8158925965,222947218612360,885269053545031,2024-06-13,Voice In,03:16:34,05:13:26,7012
9522978199,7939465365,838572975908851,734723671082585,2024-02-20,SMS In,19:45:38,N/A,0
7168269389,7640598641,117538551127772,151106063048823,2024-03-05,Voice In,10:34:44,10:44:50,606
9680252122,9469770332,313755378249842,765916816703907,2024-04-23,Voice Out,13:26:03,14:40:00,4437
7460333207,7263541753,433303244036227,924843807081017,2024-12-28,SMS Out,05:49:16,N/A,0
9242792393,7970519500,407864753185744,599135533055726,2024-09-04,SMS In,20:47:10,N/A,0
8546153259,7168269389,230776734184963,700140413585133,2024-07-27,SMS Out,13:35:56,N/A,0
9726339577,9860867430,930874193674766,684381486913231,2024-06-09,SMS In,01:31:45,N/A,0
7939465365,9893158376,352358327788419,108100035754906,2024-09-14,Voice Out,04:04:30,04:29:13,1483
8227392916,8849351086,937178121815496,385630268238037,2024-09-29,SMS Out,09:37:12,N/A,0
7781243798,8043138732,068846037657665,137921029330216,2024-08-07,SMS Out,17:13:52,N/A,0
7640598641,7045493330,294887372039913,608507055839403,2024-10-07,Voice In,18:05:31,18:38:51,2000
9242792393,7028705640,407864753185744,599135533055726,2024-11-29,SMS Out,06:07:25,N/A,0
7871757573,7716701810,388843621961935,850985620703714,2024-07-25,SMS Out,04:46:46,N/A,0
9860867430,9900284751,235457378733517,442054499778935,2024-08-26,SMS Out,12:12:19,N/A,0
8532263127,7806566906,572009376387329,949461410385002,2024-09-23,SMS In,07:01:10,N/A,0
7781243798,8836388495,068846037657665,137921029330216,2024-02-11,Voice Out,03:43:42,04:13:47,1805
7460333207,9269614701,433303244036227,924843807081017,2024-01-11,Voice In,20:01:31,20:13:21,710
8098153439,7045493330,620452091541038,904378769763320,2024-06-28,Voice Out,16:33:03,19:30:46,10663
7168269389,7609902824,117538551127772,151106063048823,2024-05-09,Voice In,19:12:38,21:34:21,8503
7045493330,8158925965,541315468880861,538843059035963,2024-10-17,Voice Out,23:18:10,00:15:32,3442
8533504784,7871757573,500239969025950,416646710583283,2024-11-15,Voice Out,17:33:31,18:58:08,5077
7168269389,9455651921,117538551127772,151106063048823,2024-09-16,Voice In,10:42:20,11:38:55,3395
9242792393,7168269389,407864753185744,599135533055726,2024-03-09,SMS In,04:23:47,N/A,0
7168269389,7958574881,117538551127772,151106063048823,2024-08-25,Voice In,17:53:32,19:01:29,4077
8334673086,8098153439,583027812159898,798239532595296,2024-09-05,SMS In,11:58:12,N/A,0
8754470786,7982574554,313981315954572,357243832021319,2024-01-24,Voice Out,05:27:45,06:23:45,3360
7970519500,9522978199,156521595587514,068345727399167,2024-05-26,Voice In,11:22:44,11:56:42,2038
7970519500,7927181126,156521595587514,068345727399167,2024-02-09,Voice In,21:13:12,21:43:16,1804
8532263127,7168269389,572009376387329,949461410385002,2024-04-17,Voice Out,22:11:33,23:51:00,5967
7031600359,8684364166,704931614462493,337386146437312,2024-12-27,Voice Out,00:55:28,02:58:11,7363
7031600359,8334673086,704931614462493,337386146437312,2024-07-31,SMS In,06:20:10,N/A,0
7970519500,8836388495,156521595587514,068345727399167,2024-05-26,Voice Out,13:11:28,14:09:08,3460
7871757573,9860867430,388843621961935,850985620703714,2024-03-29,Voice Out,20:37:13,22:41:56,7483
7028705640,8566239944,253463756543498,005803058135918,2024-01-15,Voice In,05:52:09,06:23:35,1886
9974178652,9514458697,270191394609903,931685839952202,2024-10-11,Voice In,12:10:47,13:36:14,5127
7609902824,7138293654,476890846687669,983664113285101,2024-11-15,SMS In,19:16:38,N/A,0
7716701810,7781243798,771297485960652,354074154150902,2024-12-28,Voice Out,05:38:53,07:36:21,7048
9860867430,7609902824,235457378733517,442054499778935,2024-10-05,Voice In,12:17:16,13:20:32,3796
9469770332,8532263127,435422008921139,267573258885144,2024-04-20,SMS Out,22:00:00,N/A,0
9900284751,7028705640,408866507212774,357635519969195,2024-02-02,Voice In,21:50:33,23:19:03,5310
8366256065,7806566906,064022071770182,064446978312372,2024-05-13,Voice In,04:05:13,04:55:44,3031
8532263127,8684364166,572009376387329,949461410385002,2024-09-06,Voice Out,19:54:58,21:41:39,6401
8532263127,9893158376,572009376387329,949461410385002,2024-02-29,Voice In,00:54:12,01:14:40,1228
7348070948,7939465365,849207618190597,297755693320985,2024-04-02,SMS Out,21:20:59,N/A,0
7045493330,8334673086,541315468880861,538843059035963,2024-03-26,SMS Out,15:56:15,N/A,0
7138293654,8298280128,651372636966859,376823565801248,2024-10-23,SMS Out,19:12:48,N/A,0
7640598641,7028705640,294887372039913,608507055839403,2024-11-21,Voice In,10:35:35,11:32:57,3442
8334673086,9726339577,583027812159898,798239532595296,2024-08-20,Voice In,10:57:19,11:41:42,2663
9455651921,9860867430,031787059778317,112107182783448,2024-11-18,Voice Out,00:34:16,03:13:13,9537
9269614701,8158925965,113706123794039,999414593020286,2024-02-15,Voice Out,12:06:55,13:12:17,3922
8546153259,7939465365,230776734184963,700140413585133,2024-02-28,SMS In,15:25:16,N/A,0
8227392916,9974178652,937178121815496,385630268238037,2024-04-28,Voice In,11:51:02,12:03:11,729
9893158376,7014841668,434109776314099,275742770742417,2024-02-24,Voice Out,02:41:34,04:47:01,7527
7970519500,7806566906,156521595587514,068345727399167,2024-09-10,Voice Out,07:56:10,10:02:24,7574
7045493330,8533504784,541315468880861,538843059035963,2024-10-10,SMS Out,03:19:38,N/A,0
9974178652,9900284751,270191394609903,931685839952202,2024-04-09,SMS In,00:19:31,N/A,0
8366256065,9680252122,064022071770182,064446978312372,2024-12-05,SMS In,06:01:51,N/A,0
7460333207,8158925965,433303244036227,924843807081017,2024-09-29,SMS In,10:23:23,N/A,0
7609902824,7716701810,476890846687669,983664113285101,2024-07-29,SMS In,12:10:44,N/A,0
8334673086,8581916045,583027812159898,798239532595296,2024-05-22,Voice Out,20:29:07,20:43:30,863
8754470786,9680252122,313981315954572,357243832021319,2024-02-16,SMS In,13:53:01,N/A,0
9269614701,7716701810,113706123794039,999414593020286,2024-12-21,Voice Out,12:12:01,14:19:48,7667
9469770332,7982574554,435422008921139,267573258885144,2024-01-17,SMS Out,15:29:58,N/A,0
9716047486,8566239944,401271742616740,157493413098770,2024-06-20,Voice In,00:17:31,02:33:15,8144
8532263127,9269614701,572009376387329,949461410385002,2024-01-18,Voice In,06:30:14,09:15:28,9914
8849351086,7958574881,845987109065920,606150578609348,2024-05-20,Voice Out,21:16:13,21:53:07,2214
7045493330,7028705640,541315468880861,538843059035963,2024-02-28,SMS Out,18:05:03,N/A,0
8754470786,7958574881,313981315954572,357243832021319,2024-05-30,Voice Out,01:42:02,02:14:54,1972
8581916045,8546153259,056867908299113,137911514839499,2024-01-08,Voice Out,16:03:46,18:07:28,7422
9514458697,8836388495,715218814171333,024472683020566,2024-12-15,Voice Out,22:01:01,00:49:30,10109
7806566906,7138293654,062562145495284,718316146034816,2024-10-03,SMS Out,05:48:18,N/A,0
9893158376,7263541753,434109776314099,275742770742417,2024-08-17,Voice Out,11:43:42,12:44:41,3659
9522978199,8836388495,838572975908851,734723671082585,2024-06-28,SMS In,08:28:51,N/A,0
7769490335,7982574554,790047229163152,924606356904398,2024-03-23,SMS Out,02:27:18,N/A,0
9893158376,8684364166,434109776314099,275742770742417,2024-12-24,SMS In,10:26:57,N/A,0
9680252122,8098153439,313755378249842,765916816703907,2024-09-29,SMS In,19:24:54,N/A,0
7263541753,8581916045,807814417213899,582639707972450,2024-05-20,Voice Out,23:47:19,01:07:02,4783
7927181126,7263541753,178673952581511,090908020975545,2024-07-30,SMS In,01:07:43,N/A,0
9974178652,7014841668,270191394609903,931685839952202,2024-04-20,Voice Out,23:51:51,01:30:56,5945
8158925965,7014841668,963168385418603,123062308069895,2024-06-22,Voice Out,15:45:54,17:21:00,5706
9242792393,7806566906,407864753185744,599135533055726,2024-02-10,Voice Out,07:46:36,10:35:30,10134
7716701810,8754470786,771297485960652,354074154150902,2024-12-07,Voice Out,23:34:23,00:40:18,3955
9726339577,9900284751,930874193674766,684381486913231,2024-04-19,Voice Out,05:16:46,07:39:49,8583
9469770332,8546153259,435422008921139,267573258885144,2024-06-30,SMS Out,19:05:24,N/A,0
8043138732,9974178652,273076852486685,886598907365915,2024-01-24,SMS Out,07:41:54,N/A,0
8227392916,7781243798,937178121815496,385630268238037,2024-12-16,Voice Out,18:37:03,18:42:39,336
7781243798,7640598641,068846037657665,137921029330216,2024-11-25,SMS Out,12:05:21,N/A,0
7982574554,8533504784,135125722662329,161145201063753,2024-10-06,Voice Out,17:27:53,20:27:51,10798
8566239944,8546153259,287717969474467,606691959018165,2024-05-23,Voice Out,21:04:11,23:59:42,10531
7769490335,8227392916,790047229163152,924606356904398,2024-02-14,Voice Out,16:41:32,19:32:42,10270
9860867430,7138293654,235457378733517,442054499778935,2024-10-25,Voice In,12:22:07,13:03:59,2512
7348070948,9242792393,849207618190597,297755693320985,2024-11-29,SMS Out,05:54:27,N/A,0
7640598641,9455651921,294887372039913,608507055839403,2024-10-22,SMS In,13:56:53,N/A,0
7014841668,9893158376,662302505079248,141507089367116,2024-01-06,SMS In,07:09:50,N/A,0
7716701810,9469770332,771297485960652,354074154150902,2024-07-19,SMS Out,12:12:20,N/A,0
8098153439,9242792393,620452091541038,904378769763320,2024-09-11,Voice In,20:43:38,23:27:51,9853
8546153259,7014841668,230776734184963,700140413585133,2024-03-28,Voice In,03:09:39,05:14:25,7486
8546153259,7263541753,230776734184963,700140413585133,2024-06-09,Voice Out,16:18:21,19:13:02,10481
8158925965,7781243798,963168385418603,123062308069895,2024-05-30,Voice In,16:19:02,18:10:26,6684
7871757573,7716701810,388843621961935,850985620703714,2024-04-06,SMS Out,05:39:45,N/A,0
9680252122,7031600359,313755378249842,765916816703907,2024-05-10,Voice In,08:32:38,11:08:24,9346
9455651921,7958574881,031787059778317,112107182783448,2024-08-02,Voice In,23:12:33,02:07:57,10524
7806566906,9455651921,062562145495284,718316146034816,2024-12-20,Voice In,07:00:49,09:14:33,8024
7982574554,7939465365,135125722662329,161145201063753,2024-01-06,Voice In,10:50:17,12:11:25,4868
7609902824,9269614701,476890846687669,983664113285101,2024-06-21,SMS Out,10:20:51,N/A,0
7781243798,7927181126,068846037657665,137921029330216,2024-12-26,Voice Out,22:54:44,23:10:34,950
8098153439,9680252122,620452091541038,904378769763320,2024-02-12,SMS Out,00:28:32,N/A,0
7982574554,8366256065,135125722662329,161145201063753,2024-08-12,SMS Out,19:12:03,N/A,0
9242792393,7168269389,407864753185744,599135533055726,2024-10-12,SMS In,08:34:17,N/A,0
7716701810,8581916045,771297485960652,354074154150902,2024-11-25,SMS In,10:03:20,N/A,0
8366256065,7958574881,064022071770182,064446978312372,2024-02-18,Voice In,09:12:34,10:54:21,6107
8849351086,9900284751,845987109065920,606150578609348,2024-03-24,Voice Out,04:06:57,07:05:25,10708
8043138732,9716047486,273076852486685,886598907365915,2024-01-13,SMS In,12:36:07,N/A,0
9469770332,7014841668,435422008921139,267573258885144,2024-04-14,SMS In,09:11:32,N/A,0
7982574554,9522978199,135125722662329,161145201063753,2024-11-13,SMS Out,15:17:42,N/A,0
8098153439,8158925965,620452091541038,904378769763320,2024-10-13,SMS Out,09:29:41,N/A,0
7970519500,7716701810,156521595587514,068345727399167,2024-05-09,Voice Out,01:39:05,04:26:47,10062
7939465365,7263541753,352358327788419,108100035754906,2024-06-26,SMS Out,09:49:09,N/A,0
8836388495,9974178652,144288397673316,250448038255330,2024-11-03,Voice In,15:36:58,16:35:52,3534
7045493330,9860867430,541315468880861,538843059035963,2024-01-06,SMS Out,12:11:51,N/A,0
7716701810,7031600359,771297485960652,354074154150902,2024-12-07,SMS In,01:20:11,N/A,0
7939465365,8836388495,352358327788419,108100035754906,2024-04-10,SMS In,03:28:48,N/A,0
7640598641,7769490335,294887372039913,608507055839403,2024-06-20,Voice In,11:41:45,13:26:17,6272
8158925965,9469770332,963168385418603,123062308069895,2024-01-20,Voice In,01:58:55,03:34:34,5739
9514458697,7138293654,715218814171333,024472683020566,2024-06-03,Voice In,15:12:03,15:28:24,981
7781243798,9860867430,068846037657665,137921029330216,2024-06-09,Voice In,17:32:21,19:21:19,6538
7982574554,8227392916,135125722662329,161145201063753,2024-12-21,SMS In,19:18:01,N/A,0
8043138732,8334673086,273076852486685,886598907365915,2024-02-28,SMS Out,21:31:07,N/A,0
7263541753,7138293654,807814417213899,582639707972450,2024-11-15,SMS In,03:41:37,N/A,0
8754470786,8836388495,313981315954572,357243832021319,2024-08-15,Voice In,01:21:22,03:06:17,6295
7640598641,7871757573,294887372039913,608507055839403,2024-04-23,SMS Out,01:54:34,N/A,0
9893158376,7958574881,434109776314099,275742770742417,2024-11-11,Voice Out,01:11:12,03:05:24,6852
7014841668,9469770332,662302505079248,141507089367116,2024-09-14,SMS In,22:06:09,N/A,0
9455651921,9522978199,031787059778317,112107182783448,2024-02-03,SMS Out,10:42:18,N/A,0
9269614701,9893158376,113706123794039,999414593020286,2024-01-17,Voice Out,03:41:13,06:03:27,8534
7806566906,7769490335,062562145495284,718316146034816,2024-07-20,SMS In,16:56:25,N/A,0
9974178652,8043138732,270191394609903,931685839952202,2024-12-07,Voice In,11:39:15,14:39:03,10788
9716047486,7939465365,401271742616740,157493413098770,2024-07-27,Voice Out,05:44:22,07:54:35,7813
8298280128,9522978199,107716786163848,080756900262526,2024-09-20,Voice Out,01:10:26,02:54:07,6221
8298280128,7263541753,107716786163848,080756900262526,2024-08-25,SMS Out,19:06:34,N/A,0
7716701810,7609902824,771297485960652,354074154150902,2024-06-23,SMS Out,06:02:26,N/A,0
7927181126,7045493330,178673952581511,090908020975545,2024-02-13,SMS Out,18:13:10,N/A,0
7781243798,9680252122,068846037657665,137921029330216,2024-05-17,SMS Out,03:48:57,N/A,0
8158925965,9455651921,963168385418603,123062308069895,2024-06-21,SMS Out,20:07:13,N/A,0
9242792393,9860867430,407864753185744,599135533055726,2024-04-29,Voice In,19:26:27,21:02:14,5747
8532263127,8334673086,572009376387329,949461410385002,2024-09-15,SMS Out,14:20:54,N/A,0
7939465365,7927181126,352358327788419,108100035754906,2024-02-09,Voice Out,06:35:34,06:50:05,871
8532263127,8836388495,572009376387329,949461410385002,2024-11-25,SMS Out,15:28:34,N/A,0
8158925965,9860867430,963168385418603,123062308069895,2024-09-07,SMS In,12:12:15,N/A,0
7958574881,7014841668,036416776746384,736970950862896,2024-02-22,Voice In,19:42:50,20:01:56,1146
9469770332,8546153259,435422008921139,267573258885144,2024-10-30,SMS In,05:46:14,N/A,0
7168269389,7460333207,117538551127772,151106063048823,2024-02-23,Voice In,06:44:06,07:02:39,1113
8581916045,8849351086,056867908299113,137911514839499,2024-11-21,SMS In,21:05:58,N/A,0
9860867430,8098153439,235457378733517,442054499778935,2024-03-14,Voice In,19:37:38,20:21:28,2630
7348070948,9716047486,849207618190597,297755693320985,2024-07-24,Voice In,21:43:06,23:07:00,5034
7958574881,8334673086,036416776746384,736970950862896,2024-09-15,SMS Out,02:42:38,N/A,0
9974178652,7769490335,270191394609903,931685839952202,2024-02-18,Voice Out,21:42:04,00:08:37,8793
8836388495,7263541753,144288397673316,250448038255330,2024-03-31,SMS Out,02:12:16,N/A,0
8581916045,9514458697,056867908299113,137911514839499,2024-05-05,SMS In,20:10:55,N/A,0
7460333207,7982574554,433303244036227,924843807081017,2024-12-19,SMS Out,01:25:16,N/A,0
7958574881,7939465365,036416776746384,736970950862896,2024-01-08,SMS Out,02:33:40,N/A,0
7871757573,7348070948,388843621961935,850985620703714,2024-06-21,SMS In,07:53:32,N/A,0
7263541753,7348070948,807814417213899,582639707972450,2024-10-29,Voice In,10:38:33,11:38:36,3603
8836388495,9269614701,144288397673316,250448038255330,2024-02-11,Voice Out,15:13:41,16:50:51,5830
7716701810,7806566906,771297485960652,354074154150902,2024-07-04,SMS In,01:15:15,N/A,0
8684364166,7781243798,222947218612360,885269053545031,2024-09-10,SMS In,01:24:22,N/A,0
7640598641,9716047486,294887372039913,608507055839403,2024-07-18,SMS In,07:25:51,N/A,0
9716047486,9726339577,401271742616740,157493413098770,2024-04-11,Voice In,08:25:20,10:48:34,8594
7609902824,8546153259,476890846687669,983664113285101,2024-09-27,SMS In,16:29:36,N/A,0
7028705640,8546153259,253463756543498,005803058135918,2024-03-22,SMS In,14:32:57,N/A,0
7138293654,9716047486,651372636966859,376823565801248,2024-11-20,SMS In,08:48:22,N/A,0
7716701810,7769490335,771297485960652,354074154150902,2024-02-19,SMS In,22:00:42,N/A,0
7348070948,8533504784,849207618190597,297755693320985,2024-07-08,Voice In,03:08:19,05:02:28,6849
8566239944,8533504784,287717969474467,606691959018165,2024-05-02,SMS Out,12:04:02,N/A,0
7031600359,9269614701,704931614462493,337386146437312,2024-07-08,SMS In,08:08:08,N/A,0
9514458697,7781243798,715218814171333,024472683020566,2024-02-12,Voice In,04:11:58,05:46:09,5651
7640598641,8581916045,294887372039913,608507055839403,2024-05-27,SMS In,04:47:44,N/A,0
7871757573,8546153259,388843621961935,850985620703714,2024-02-15,Voice Out,05:32:57,07:51:47,8330
7982574554,7348070948,135125722662329,161145201063753,2024-09-26,SMS In,15:00:07,N/A,0
8298280128,9680252122,107716786163848,080756900262526,2024-11-17,Voice In,18:08:16,19:20:58,4362
8849351086,8334673086,845987109065920,606150578609348,2024-08-24,Voice Out,23:24:27,00:38:06,4419
7640598641,7348070948,294887372039913,608507055839403,2024-02-14,SMS In,00:17:14,N/A,0
7263541753,9716047486,807814417213899,582639707972450,2024-11-29,Voice In,07:03:14,08:18:20,4506
9680252122,7045493330,313755378249842,765916816703907,2024-12-06,SMS In,08:02:44,N/A,0
9900284751,7138293654,408866507212774,357635519969195,2024-06-05,SMS Out,06:13:18,N/A,0
7045493330,8581916045,541315468880861,538843059035963,2024-03-13,Voice In,22:56:35,00:40:13,6218
8334673086,7939465365,583027812159898,798239532595296,2024-10-26,Voice In,17:39:30,19:01:25,4915
8158925965,9242792393,963168385418603,123062308069895,2024-03-04,SMS In,04:13:28,N/A,0
7460333207,9974178652,433303244036227,924843807081017,2024-09-24,SMS In,11:09:14,N/A,0
8684364166,7609902824,222947218612360,885269053545031,2024-08-07,SMS In,08:14:42,N/A,0
7970519500,8566239944,156521595587514,068345727399167,2024-10-17,SMS In,23:34:06,N/A,0
8849351086,9242792393,845987109065920,606150578609348,2024-02-10,SMS In,20:15:05,N/A,0
9242792393,8158925965,407864753185744,599135533055726,2024-06-03,Voice Out,20:43:25,23:01:49,8304
7138293654,9455651921,651372636966859,376823565801248,2024-10-16,SMS Out,01:44:48,N/A,0
7769490335,7806566906,790047229163152,924606356904398,2024-02-22,SMS Out,19:50:46,N/A,0
7263541753,7806566906,807814417213899,582639707972450,2024-04-19,Voice Out,13:34:56,16:15:40,9644
7871757573,7028705640,388843621961935,850985620703714,2024-07-27,SMS In,22:03:02,N/A,0
9974178652,9455651921,270191394609903,931685839952202,2024-04-26,SMS Out,14:32:15,N/A,0
7769490335,9726339577,790047229163152,924606356904398,2024-06-06,Voice In,16:53:39,19:32:16,9517
7640598641,7609902824,294887372039913,608507055839403,2024-11-25,Voice In,19:23:53,21:15:59,6726
8158925965,8546153259,963168385418603,123062308069895,2024-11-01,SMS Out,22:55:27,N/A,0
8227392916,9900284751,937178121815496,385630268238037,2024-04-01,SMS In,08:24:44,N/A,0
9514458697,9860867430,715218814171333,024472683020566,2024-12-15,Voice Out,07:36:41,08:34:40,3479
9469770332,7982574554,435422008921139,267573258885144,2024-04-26,SMS Out,20:02:39,N/A,0
8533504784,7014841668,500239969025950,416646710583283,2024-11-07,Voice In,19:00:11,19:54:17,3246
8334673086,8546153259,583027812159898,798239532595296,2024-12-21,SMS In,19:22:06,N/A,0
8581916045,7939465365,056867908299113,137911514839499,2024-10-26,Voice Out,13:05:46,15:11:26,7540
7045493330,9469770332,541315468880861,538843059035963,2024-10-01,SMS Out,12:12:08,N/A,0
7958574881,8098153439,036416776746384,736970950862896,2024-03-08,Voice Out,15:11:53,15:54:08,2535
7138293654,7806566906,651372636966859,376823565801248,2024-02-04,SMS In,07:12:04,N/A,0
9860867430,8566239944,235457378733517,442054499778935,2024-09-03,Voice In,04:32:27,06:30:54,7107
7806566906,7927181126,062562145495284,718316146034816,2024-02-23,Voice Out,23:07:10,23:55:01,2871
7168269389,8227392916,117538551127772,151106063048823,2024-12-08,Voice Out,10:23:12,11:56:15,5583
7806566906,8098153439,062562145495284,718316146034816,2024-04-10,SMS Out,10:24:11,N/A,0
8581916045,8227392916,056867908299113,137911514839499,2024-03-30,Voice Out,10:56:06,10:58:36,150
8546153259,7460333207,230776734184963,700140413585133,2024-01-05,SMS Out,15:45:08,N/A,0
7028705640,8098153439,253463756543498,005803058135918,2024-07-17,SMS Out,17:05:03,N/A,0
8227392916,7014841668,937178121815496,385630268238037,2024-05-23,Voice In,02:52:17,05:17:24,8707
8581916045,8227392916,056867908299113,137911514839499,2024-12-06,SMS Out,03:12:38,N/A,0
9726339577,9716047486,930874193674766,684381486913231,2024-09-02,Voice Out,15:51:39,16:09:15,1056
8836388495,7609902824,144288397673316,250448038255330,2024-04-22,SMS In,11:49:27,N/A,0
9974178652,8098153439,270191394609903,931685839952202,2024-12-04,Voice In,02:06:17,02:07:58,101
9469770332,7806566906,435422008921139,267573258885144,2024-11-10,Voice In,22:30:19,23:36:53,3994
7263541753,9974178652,807814417213899,582639707972450,2024-01-08,SMS In,21:57:44,N/A,0
8366256065,7982574554,064022071770182,064446978312372,2024-09-28,Voice In,20:42:33,21:00:56,1103
9900284751,9269614701,408866507212774,357635519969195,2024-10-11,Voice Out,07:56:51,10:44:38,10067
9716047486,7927181126,401271742616740,157493413098770,2024-05-27,Voice Out,06:41:54,07:15:24,2010
9242792393,8684364166,407864753185744,599135533055726,2024-05-13,Voice Out,17:20:50,18:37:44,4614
9680252122,7263541753,313755378249842,765916816703907,2024-10-30,Voice In,10:47:49,13:19:51,9122
7168269389,7640598641,117538551127772,151106063048823,2024-01-13,Voice Out,08:29:15,09:08:10,2335
7871757573,9680252122,388843621961935,850985620703714,2024-10-28,Voice Out,17:44:52,19:00:13,4521
7716701810,7927181126,771297485960652,354074154150902,2024-11-06,Voice Out,13:58:00,16:42:17,9857
7014841668,8298280128,662302505079248,141507089367116,2024-08-05,Voice In,18:25:16,18:52:57,1661
9860867430,8298280128,235457378733517,442054499778935,2024-09-08,SMS In,11:36:27,N/A,0
7014841668,7028705640,662302505079248,141507089367116,2024-12-16,SMS Out,04:42:11,N/A,0
7970519500,8098153439,156521595587514,068345727399167,2024-02-27,Voice Out,10:12:10,10:36:10,1440
7168269389,9242792393,117538551127772,151106063048823,2024-10-08,Voice Out,02:55:27,05:43:11,10064
8684364166,8533504784,222947218612360,885269053545031,2024-08-12,SMS In,18:40:58,N/A,0
7640598641,7927181126,294887372039913,608507055839403,2024-04-21,Voice Out,18:41:44,21:08:00,8776
7609902824,8533504784,476890846687669,983664113285101,2024-02-05,SMS In,10:47:58,N/A,0
7640598641,8227392916,294887372039913,608507055839403,2024-05-14,Voice Out,08:42:36,11:24:24,9708
8298280128,7716701810,107716786163848,080756900262526,2024-08-19,SMS In,21:24:12,N/A,0
8334673086,9455651921,583027812159898,798239532595296,2024-10-06,SMS In,17:47:05,N/A,0
7640598641,7348070948,294887372039913,608507055839403,2024-07-05,Voice In,03:46:15,05:53:12,7617
7045493330,9269614701,541315468880861,538843059035963,2024-11-14,Voice Out,10:21:01,12:58:17,9436
8546153259,9680252122,230776734184963,700140413585133,2024-12-30,Voice Out,17:38:19,20:13:49,9330
9726339577,7716701810,930874193674766,684381486913231,2024-04-01,SMS Out,04:15:14,N/A,0
9242792393,7939465365,407864753185744,599135533055726,2024-03-23,Voice Out,04:20:45,04:49:04,1699
8566239944,9716047486,287717969474467,606691959018165,2024-01-07,SMS In,05:31:05,N/A,0
7806566906,7348070948,062562145495284,718316146034816,2024-01-26,SMS In,01:45:18,N/A,0
7014841668,7460333207,662302505079248,141507089367116,2024-11-23,Voice Out,04:45:36,07:20:20,9284
9893158376,7028705640,434109776314099,275742770742417,2024-01-04,SMS Out,16:00:29,N/A,0
7640598641,9242792393,294887372039913,608507055839403,2024-09-18,Voice Out,08:37:53,09:07:19,1766
7982574554,8849351086,135125722662329,161145201063753,2024-07-16,SMS In,23:58:34,N/A,0
8366256065,8227392916,064022071770182,064446978312372,2024-09-28,SMS In,10:42:21,N/A,0
7781243798,7168269389,068846037657665,137921029330216,2024-11-01,Voice Out,12:55:37,14:07:38,4321
8043138732,8227392916,273076852486685,886598907365915,2024-05-02,SMS In,01:42:45,N/A,0
9680252122,9455651921,313755378249842,765916816703907,2024-12-06,Voice In,17:08:52,17:49:41,2449
8754470786,7781243798,313981315954572,357243832021319,2024-07-04,SMS Out,05:09:18,N/A,0
9716047486,8366256065,401271742616740,157493413098770,2024-05-07,SMS In,06:38:04,N/A,0
8754470786,8366256065,313981315954572,357243832021319,2024-10-21,SMS Out,01:53:49,N/A,0
8227392916,9269614701,937178121815496,385630268238037,2024-09-01,Voice In,06:57:25,07:19:02,1297
7970519500,9522978199,156521595587514,068345727399167,2024-09-15,Voice In,06:47:01,08:38:01,6660
8849351086,7263541753,845987109065920,606150578609348,2024-08-14,Voice In,07:45:44,07:49:14,210
9860867430,8158925965,235457378733517,442054499778935,2024-05-03,SMS Out,21:53:09,N/A,0
8227392916,9242792393,937178121815496,385630268238037,2024-04-14,SMS Out,13:31:50,N/A,0
9726339577,7982574554,930874193674766,684381486913231,2024-07-02,Voice Out,13:10:10,15:38:15,8885
8227392916,9242792393,937178121815496,385630268238037,2024-01-11,Voice Out,02:43:17,04:41:51,7114
7640598641,7168269389,294887372039913,608507055839403,2024-08-07,SMS Out,10:11:18,N/A,0
9514458697,8754470786,715218814171333,024472683020566,2024-02-14,SMS In,16:07:15,N/A,0
9726339577,9514458697,930874193674766,684381486913231,2024-05-18,SMS Out,23:15:14,N/A,0
7781243798,7031600359,068846037657665,137921029330216,2024-09-28,SMS In,00:39:32,N/A,0
7168269389,9893158376,117538551127772,151106063048823,2024-10-31,Voice Out,20:03:15,21:12:01,4126
9974178652,9514458697,270191394609903,931685839952202,2024-10-28,Voice Out,16:07:37,18:54:45,10028
8158925965,7348070948,963168385418603,123062308069895,2024-10-05,Voice In,17:49:26,18:07:03,1057
9455651921,8836388495,031787059778317,112107182783448,2024-06-23,Voice In,16:06:12,18:54:00,10068
9716047486,7982574554,401271742616740,157493413098770,2024-12-28,SMS Out,02:48:02,N/A,0
9522978199,9716047486,838572975908851,734723671082585,2024-12-30,Voice Out,21:27:52,23:47:03,8351
7014841668,9242792393,662302505079248,141507089367116,2024-09-26,SMS Out,07:56:27,N/A,0
8532263127,9455651921,572009376387329,949461410385002,2024-07-23,SMS In,18:52:05,N/A,0
9860867430,7460333207,235457378733517,442054499778935,2024-09-26,SMS Out,01:27:35,N/A,0
8546153259,7939465365,230776734184963,700140413585133,2024-10-28,Voice Out,09:32:54,10:33:17,3623
9726339577,8158925965,930874193674766,684381486913231,2024-05-14,SMS In,04:52:03,N/A,0
7028705640,8581916045,253463756543498,005803058135918,2024-02-20,Voice Out,22:36:39,22:54:28,1069
7263541753,9974178652,807814417213899,582639707972450,2024-09-05,Voice Out,09:08:15,10:13:48,3933
8158925965,7806566906,963168385418603,123062308069895,2024-09-23,Voice Out,08:55:25,09:10:32,907
7609902824,8533504784,476890846687669,983664113285101,2024-08-30,Voice Out,13:18:25,14:41:38,4993
7168269389,8849351086,117538551127772,151106063048823,2024-03-17,Voice In,03:34:56,05:28:36,6820
7982574554,7939465365,135125722662329,161145201063753,2024-01-23,SMS Out,22:21:34,N/A,0
9974178652,8684364166,270191394609903,931685839952202,2024-08-30,Voice In,20:07:07,20:41:01,2034
7263541753,9269614701,807814417213899,582639707972450,2024-10-01,SMS Out,04:09:21,N/A,0
7716701810,7927181126,771297485960652,354074154150902,2024-05-04,Voice In,22:07:14,22:25:50,1116
7168269389,7871757573,117538551127772,151106063048823,2024-06-30,SMS In,15:01:31,N/A,0
9455651921,7348070948,031787059778317,112107182783448,2024-07-11,SMS In,07:44:02,N/A,0
9716047486,7769490335,401271742616740,157493413098770,2024-11-23,SMS Out,22:40:06,N/A,0
7640598641,8532263127,294887372039913,608507055839403,2024-07-14,SMS Out,08:45:17,N/A,0
9716047486,8546153259,401271742616740,157493413098770,2024-07-25,Voice Out,09:34:16,12:13:45,9569
8098153439,7806566906,620452091541038,904378769763320,2024-12-01,Voice Out,05:27:34,05:59:36,1922
7982574554,8684364166,135125722662329,161145201063753,2024-04-16,SMS In,02:11:27,N/A,0
9726339577,7168269389,930874193674766,684381486913231,2024-09-03,Voice In,12:00:23,12:11:07,644
8849351086,8366256065,845987109065920,606150578609348,2024-04-08,SMS In,18:42:15,N/A,0
7348070948,8158925965,849207618190597,297755693320985,2024-12-13,Voice In,02:02:27,02:40:47,2300
8158925965,7781243798,963168385418603,123062308069895,2024-07-01,SMS Out,04:12:34,N/A,0
7045493330,7028705640,541315468880861,538843059035963,2024-10-27,SMS In,10:11:51,N/A,0
7168269389,7806566906,117538551127772,151106063048823,2024-11-23,SMS Out,23:03:09,N/A,0
8043138732,8158925965,273076852486685,886598907365915,2024-05-14,Voice Out,00:49:57,03:17:39,8862
7045493330,7970519500,541315468880861,538843059035963,2024-07-04,Voice Out,07:45:56,08:59:05,4389
7045493330,7348070948,541315468880861,538843059035963,2024-08-02,Voice Out,03:40:03,04:42:22,3739
7045493330,8298280128,541315468880861,538843059035963,2024-03-13,Voice In,03:21:08,04:31:19,4211
9893158376,7970519500,434109776314099,275742770742417,2024-07-18,SMS Out,20:03:02,N/A,0
7927181126,9893158376,178673952581511,090908020975545,2024-06-14,Voice Out,18:25:33,20:19:28,6835
9522978199,7031600359,838572975908851,734723671082585,2024-03-12,SMS Out,13:48:41,N/A,0
7716701810,7970519500,771297485960652,354074154150902,2024-07-15,SMS Out,04:09:08,N/A,0
8532263127,8836388495,572009376387329,949461410385002,2024-12-15,Voice In,12:53:39,13:00:58,439
8546153259,9974178652,230776734184963,700140413585133,2024-10-11,Voice In,08:16:20,09:33:48,4648
7028705640,7871757573,253463756543498,005803058135918,2024-06-30,SMS In,09:28:59,N/A,0
9860867430,7045493330,235457378733517,442054499778935,2024-03-22,Voice In,03:56:47,04:32:47,2160
9242792393,8754470786,407864753185744,599135533055726,2024-08-17,SMS In,03:02:22,N/A,0
9680252122,8098153439,313755378249842,765916816703907,2024-07-01,Voice Out,14:42:56,16:57:32,8076
7982574554,8836388495,135125722662329,161145201063753,2024-09-06,SMS Out,10:01:17,N/A,0
8546153259,8098153439,230776734184963,700140413585133,2024-02-18,SMS In,11:25:12,N/A,0
9974178652,7806566906,270191394609903,931685839952202,2024-11-25,SMS In,03:08:49,N/A,0
7460333207,9974178652,433303244036227,924843807081017,2024-07-27,SMS Out,23:09:51,N/A,0
9514458697,7982574554,715218814171333,024472683020566,2024-12-25,Voice Out,23:42:43,02:18:54,9371
8334673086,9680252122,583027812159898,798239532595296,2024-01-15,Voice In,22:24:42,00:24:58,7216
8836388495,7806566906,144288397673316,250448038255330,2024-10-13,Voice Out,23:56:15,01:01:13,3898
8532263127,7769490335,572009376387329,949461410385002,2024-01-18,SMS In,20:10:17,N/A,0
7716701810,7958574881,771297485960652,354074154150902,2024-08-18,SMS Out,07:42:48,N/A,0
9455651921,9242792393,031787059778317,112107182783448,2024-12-17,Voice Out,22:05:52,00:17:16,7884
8366256065,9716047486,064022071770182,064446978312372,2024-01-12,Voice In,16:07:05,16:17:09,604
9716047486,9860867430,401271742616740,157493413098770,2024-06-17,Voice In,16:04:16,18:35:39,9083
9974178652,9716047486,270191394609903,931685839952202,2024-10-23,Voice Out,14:05:39,14:53:41,2882
8533504784,7640598641,500239969025950,416646710583283,2024-11-13,SMS Out,03:25:36,N/A,0
8836388495,8158925965,144288397673316,250448038255330,2024-10-27,SMS Out,10:32:09,N/A,0
7781243798,9726339577,068846037657665,137921029330216,2024-10-24,Voice In,12:43:50,13:22:40,2330
9726339577,8227392916,930874193674766,684381486913231,2024-06-28,Voice In,13:19:42,14:43:09,5007
8533504784,7263541753,500239969025950,416646710583283,2024-12-13,SMS In,06:14:12,N/A,0
7640598641,7168269389,294887372039913,608507055839403,2024-05-16,SMS Out,02:09:29,N/A,0
7939465365,7640598641,352358327788419,108100035754906,2024-06-01,Voice In,03:35:35,04:47:46,4331
8836388495,7716701810,144288397673316,250448038255330,2024-05-13,Voice In,16:41:47,17:20:59,2352
7781243798,7958574881,068846037657665,137921029330216,2024-01-30,Voice In,23:24:58,23:25:41,43
9455651921,9680252122,031787059778317,112107182783448,2024-10-01,SMS Out,08:06:19,N/A,0
9269614701,9726339577,113706123794039,999414593020286,2024-06-06,Voice In,19:00:50,21:35:11,9261
7982574554,9893158376,135125722662329,161145201063753,2024-11-28,Voice Out,18:26:26,19:06:33,2407
8546153259,7769490335,230776734184963,700140413585133,2024-03-13,Voice Out,09:32:38,10:44:35,4317
7871757573,7781243798,388843621961935,850985620703714,2024-12-21,SMS In,17:44:09,N/A,0
8532263127,7348070948,572009376387329,949461410385002,2024-05-02,SMS In,14:33:11,N/A,0
8158925965,9680252122,963168385418603,123062308069895,2024-09-24,SMS In,12:24:51,N/A,0
7781243798,7640598641,068846037657665,137921029330216,2024-12-11,SMS In,14:13:42,N/A,0
8581916045,8836388495,056867908299113,137911514839499,2024-05-05,SMS Out,16:31:08,N/A,0
8533504784,7348070948,500239969025950,416646710583283,2024-04-05,Voice Out,00:08:33,00:50:02,2489
7263541753,7769490335,807814417213899,582639707972450,2024-02-03,Voice Out,05:53:47,08:42:05,10098
9242792393,7939465365,407864753185744,599135533055726,2024-02-21,Voice Out,00:04:09,02:33:25,8956
8684364166,8546153259,222947218612360,885269053545031,2024-10-24,Voice Out,20:44:17,23:16:41,9144
7609902824,7640598641,476890846687669,983664113285101,2024-07-12,SMS Out,00:49:46,N/A,0
9900284751,7014841668,408866507212774,357635519969195,2024-03-10,Voice Out,06:40:00,09:15:41,9341
7014841668,7263541753,662302505079248,141507089367116,2024-09-14,SMS In,18:05:24,N/A,0
9269614701,7045493330,113706123794039,999414593020286,2024-11-28,SMS Out,17:14:31,N/A,0
7028705640,9522978199,253463756543498,005803058135918,2024-10-30,SMS Out,13:17:26,N/A,0
7769490335,7806566906,790047229163152,924606356904398,2024-10-09,Voice Out,06:20:46,07:58:26,5860
7138293654,9900284751,651372636966859,376823565801248,2024-03-14,Voice Out,07:13:13,07:21:14,481
7031600359,9900284751,704931614462493,337386146437312,2024-06-28,SMS In,12:39:18,N/A,0
8849351086,7970519500,845987109065920,606150578609348,2024-09-17,SMS Out,22:55:24,N/A,0
7014841668,8532263127,662302505079248,141507089367116,2024-01-02,Voice Out,21:51:37,22:11:10,1173
8227392916,8158925965,937178121815496,385630268238037,2024-01-07,SMS Out,04:17:01,N/A,0
8684364166,8366256065,222947218612360,885269053545031,2024-02-06,SMS In,14:02:15,N/A,0
7014841668,9680252122,662302505079248,141507089367116,2024-10-08,SMS In,20:04:05,N/A,0
7640598641,9716047486,294887372039913,608507055839403,2024-07-26,SMS In,13:41:35,N/A,0
7982574554,7958574881,135125722662329,161145201063753,2024-10-20,Voice Out,23:09:04,23:53:13,2649
7028705640,7460333207,253463756543498,005803058135918,2024-08-22,SMS In,00:45:16,N/A,0
8546153259,7871757573,230776734184963,700140413585133,2024-11-24,SMS Out,16:25:25,N/A,0
7781243798,7970519500,068846037657665,137921029330216,2024-06-12,Voice Out,07:48:08,08:56:14,4086
9522978199,9514458697,838572975908851,734723671082585,2024-06-12,SMS In,06:22:39,N/A,0
8227392916,9680252122,937178121815496,385630268238037,2024-03-03,SMS Out,09:36:00,N/A,0
9893158376,7769490335,434109776314099,275742770742417,2024-10-25,Voice In,08:49:08,10:21:45,5557
8532263127,7168269389,572009376387329,949461410385002,2024-11-22,Voice Out,21:40:12,23:13:16,5584
8227392916,7045493330,937178121815496,385630268238037,2024-05-21,Voice In,07:07:21,09:06:08,7127
8098153439,8043138732,620452091541038,904378769763320,2024-07-06,Voice Out,02:18:14,05:05:40,10046
7460333207,8566239944,433303244036227,924843807081017,2024-03-07,Voice In,14:24:58,16:25:55,7257
9242792393,8043138732,407864753185744,599135533055726,2024-08-10,Voice In,06:50:54,08:57:18,7584
7982574554,7168269389,135125722662329,161145201063753,2024-11-06,SMS Out,16:55:34,N/A,0
9455651921,7609902824,031787059778317,112107182783448,2024-03-22,SMS In,11:44:35,N/A,0
7769490335,8532263127,790047229163152,924606356904398,2024-11-27,Voice Out,07:46:13,08:41:38,3325
8533504784,9469770332,500239969025950,416646710583283,2024-04-21,Voice In,01:19:48,02:13:42,3234
7045493330,7958574881,541315468880861,538843059035963,2024-03-17,Voice In,15:28:16,17:24:17,6961
7263541753,9893158376,807814417213899,582639707972450,2024-03-05,Voice In,00:44:51,02:05:05,4814
7716701810,7806566906,771297485960652,354074154150902,2024-04-01,SMS Out,05:59:30,N/A,0
8754470786,9680252122,313981315954572,357243832021319,2024-04-12,SMS In,16:41:49,N/A,0
7781243798,7640598641,068846037657665,137921029330216,2024-01-10,SMS In,07:54:48,N/A,0
9514458697,7014841668,715218814171333,024472683020566,2024-07-21,Voice Out,23:38:02,01:01:03,4981
9974178652,7806566906,270191394609903,931685839952202,2024-03-18,Voice Out,11:43:34,13:21:50,5896
9900284751,7460333207,408866507212774,357635519969195,2024-01-20,Voice Out,19:50:50,22:08:14,8244
9680252122,8849351086,313755378249842,765916816703907,2024-11-25,SMS In,18:36:47,N/A,0
9455651921,8684364166,031787059778317,112107182783448,2024-05-16,SMS In,19:30:18,N/A,0
7871757573,7769490335,388843621961935,850985620703714,2024-03-30,Voice In,17:53:13,17:57:54,281
8366256065,9726339577,064022071770182,064446978312372,2024-08-06,Voice Out,17:10:47,19:40:48,9001
7348070948,9893158376,849207618190597,297755693320985,2024-09-11,SMS In,20:46:38,N/A,0
7939465365,8546153259,352358327788419,108100035754906,2024-06-03,SMS Out,14:38:37,N/A,0
7348070948,7716701810,849207618190597,297755693320985,2024-08-28,Voice Out,05:34:15,07:24:28,6613
7939465365,8836388495,352358327788419,108100035754906,2024-08-09,SMS In,22:51:13,N/A,0
9726339577,9269614701,930874193674766,684381486913231,2024-02-26,Voice Out,23:59:32,00:03:41,249
9269614701,7927181126,113706123794039,999414593020286,2024-10-12,SMS Out,07:01:56,N/A,0
9726339577,9269614701,930874193674766,684381486913231,2024-01-18,SMS In,22:02:25,N/A,0
9680252122,8532263127,313755378249842,765916816703907,2024-02-12,SMS In,06:01:40,N/A,0
7927181126,8754470786,178673952581511,090908020975545,2024-05-25,Voice In,08:22:40,10:20:10,7050
7168269389,8546153259,117538551127772,151106063048823,2024-06-17,SMS In,07:28:23,N/A,0
8684364166,9522978199,222947218612360,885269053545031,2024-12-30,Voice Out,22:19:26,22:47:24,1678
7028705640,7045493330,253463756543498,005803058135918,2024-10-18,SMS In,06:21:48,N/A,0
7958574881,8043138732,036416776746384,736970950862896,2024-09-16,Voice In,11:54:46,14:53:12,10706
7168269389,9716047486,117538551127772,151106063048823,2024-06-06,SMS In,17:23:57,N/A,0
8754470786,7031600359,313981315954572,357243832021319,2024-08-12,SMS In,22:47:52,N/A,0
8546153259,7781243798,230776734184963,700140413585133,2024-01-15,Voice In,12:01:01,14:12:46,7905
7014841668,8566239944,662302505079248,141507089367116,2024-11-06,Voice Out,03:09:28,04:33:42,5054
8532263127,8581916045,572009376387329,949461410385002,2024-11-09,Voice Out,21:03:10,22:54:58,6708
7939465365,8366256065,352358327788419,108100035754906,2024-07-09,SMS Out,05:25:50,N/A,0
8754470786,7781243798,313981315954572,357243832021319,2024-12-22,SMS In,05:33:41,N/A,0
8581916045,8366256065,056867908299113,137911514839499,2024-10-22,SMS In,14:28:06,N/A,0
8546153259,7939465365,230776734184963,700140413585133,2024-02-06,SMS In,14:04:08,N/A,0
8334673086,8754470786,583027812159898,798239532595296,2024-01-19,SMS Out,07:24:50,N/A,0
8227392916,7982574554,937178121815496,385630268238037,2024-05-22,Voice Out,15:10:54,17:01:17,6623
7871757573,8581916045,388843621961935,850985620703714,2024-05-11,Voice In,16:00:48,16:54:34,3226
9900284751,8366256065,408866507212774,357635519969195,2024-10-26,Voice Out,22:51:56,00:11:10,4754
8298280128,8836388495,107716786163848,080756900262526,2024-05-11,Voice In,14:33:28,15:41:11,4063
7970519500,9269614701,156521595587514,068345727399167,2024-10-06,SMS Out,20:06:22,N/A,0
8754470786,7460333207,313981315954572,357243832021319,2024-01-28,Voice In,18:06:53,18:11:23,270
9469770332,8566239944,435422008921139,267573258885144,2024-12-08,Voice Out,08:37:41,09:28:46,3065
7168269389,8227392916,117538551127772,151106063048823,2024-03-08,SMS In,23:36:40,N/A,0
8684364166,8836388495,222947218612360,885269053545031,2024-05-06,Voice In,18:01:38,20:43:27,9709
9860867430,9893158376,235457378733517,442054499778935,2024-07-25,SMS Out,06:03:58,N/A,0
7769490335,9242792393,790047229163152,924606356904398,2024-10-24,SMS Out,07:51:08,N/A,0
7348070948,8532263127,849207618190597,297755693320985,2024-04-04,SMS Out,10:11:57,N/A,0
7806566906,8684364166,062562145495284,718316146034816,2024-07-30,Voice In,10:04:06,11:39:21,5715
9974178652,7939465365,270191394609903,931685839952202,2024-06-17,Voice In,11:45:56,11:50:09,253
9893158376,8043138732,434109776314099,275742770742417,2024-02-14,SMS In,07:29:16,N/A,0
8158925965,7769490335,963168385418603,123062308069895,2024-03-13,SMS Out,02:17:12,N/A,0
8754470786,7716701810,313981315954572,357243832021319,2024-06-20,Voice In,12:25:12,13:20:04,3292
7263541753,8334673086,807814417213899,582639707972450,2024-02-04,SMS Out,17:26:24,N/A,0
9242792393,9716047486,407864753185744,599135533055726,2024-07-07,SMS In,02:39:40,N/A,0
8098153439,8533504784,620452091541038,904378769763320,2024-09-05,Voice In,14:11:53,15:11:42,3589
7014841668,8533504784,662302505079248,141507089367116,2024-09-08,Voice Out,12:38:29,14:06:12,5263
8043138732,9269614701,273076852486685,886598907365915,2024-08-27,SMS Out,06:16:52,N/A,0
8849351086,9726339577,845987109065920,606150578609348,2024-03-24,Voice In,10:56:50,11:34:26,2256
9522978199,7028705640,838572975908851,734723671082585,2024-08-24,Voice Out,22:07:57,23:56:25,6508
8366256065,8533504784,064022071770182,064446978312372,2024-04-07,Voice Out,10:28:09,11:27:42,3573
9269614701,8581916045,113706123794039,999414593020286,2024-11-14,SMS Out,02:22:07,N/A,0
8546153259,8098153439,230776734184963,700140413585133,2024-09-19,Voice Out,06:54:28,09:08:00,8012
8684364166,8849351086,222947218612360,885269053545031,2024-05-16,Voice In,21:17:35,22:47:22,5387
9860867430,7716701810,235457378733517,442054499778935,2024-04-27,SMS In,10:39:53,N/A,0
9242792393,8684364166,407864753185744,599135533055726,2024-07-30,Voice In,09:39:50,12:32:22,10352
9455651921,9974178652,031787059778317,112107182783448,2024-02-01,SMS In,20:55:02,N/A,0
9900284751,8581916045,408866507212774,357635519969195,2024-07-28,Voice Out,14:12:58,16:38:46,8748
7982574554,7014841668,135125722662329,161145201063753,2024-10-31,Voice In,02:15:08,04:32:16,8228
8298280128,9900284751,107716786163848,080756900262526,2024-02-24,SMS Out,05:09:15,N/A,0
7168269389,8581916045,117538551127772,151106063048823,2024-03-03,Voice Out,19:43:47,21:37:52,6845
7982574554,7460333207,135125722662329,161145201063753,2024-05-19,SMS In,13:07:14,N/A,0
7609902824,7769490335,476890846687669,983664113285101,2024-11-25,Voice In,09:23:03,12:15:39,10356
7970519500,8532263127,156521595587514,068345727399167,2024-05-23,Voice In,06:51:44,08:24:06,5542
7958574881,7806566906,036416776746384,736970950862896,2024-12-09,SMS In,11:20:27,N/A,0
9974178652,7460333207,270191394609903,931685839952202,2024-09-14,Voice Out,11:30:20,13:29:34,7154
9974178652,8098153439,270191394609903,931685839952202,2024-03-09,Voice In,09:30:59,10:44:21,4402
7927181126,7028705640,178673952581511,090908020975545,2024-04-20,Voice In,00:08:32,02:50:24,9712
7348070948,8043138732,849207618190597,297755693320985,2024-10-02,SMS In,05:02:32,N/A,0
8227392916,8533504784,937178121815496,385630268238037,2024-02-08,SMS In,04:24:07,N/A,0
9893158376,7970519500,434109776314099,275742770742417,2024-05-21,Voice In,06:04:57,06:45:49,2452
7348070948,8836388495,849207618190597,297755693320985,2024-06-14,Voice Out,00:11:54,00:16:30,276
8836388495,8366256065,144288397673316,250448038255330,2024-08-08,Voice In,04:25:12,05:46:02,4850
7031600359,8098153439,704931614462493,337386146437312,2024-08-27,SMS In,14:40:31,N/A,0
9269614701,9514458697,113706123794039,999414593020286,2024-03-31,Voice Out,22:38:01,00:39:38,7297
7348070948,7781243798,849207618190597,297755693320985,2024-03-17,Voice In,07:44:33,09:18:00,5607
9469770332,9716047486,435422008921139,267573258885144,2024-06-05,Voice Out,21:24:39,22:20:21,3342
9242792393,7939465365,407864753185744,599135533055726,2024-09-29,SMS In,02:40:35,N/A,0
7609902824,9269614701,476890846687669,983664113285101,2024-01-26,Voice In,02:36:32,05:30:44,10452
7045493330,8754470786,541315468880861,538843059035963,2024-05-13,Voice Out,19:40:21,22:16:52,9391
7781243798,8298280128,068846037657665,137921029330216,2024-01-04,Voice In,21:25:20,23:45:37,8417
7045493330,7014841668,541315468880861,538843059035963,2024-12-22,SMS In,19:43:49,N/A,0
7871757573,7927181126,388843621961935,850985620703714,2024-08-27,Voice In,18:04:51,19:05:30,3639
8533504784,8581916045,500239969025950,416646710583283,2024-03-14,SMS Out,04:55:35,N/A,0
9860867430,8043138732,235457378733517,442054499778935,2024-06-11,SMS Out,00:03:29,N/A,0
7927181126,9860867430,178673952581511,090908020975545,2024-01-19,Voice In,23:33:03,00:20:47,2864
8849351086,7348070948,845987109065920,606150578609348,2024-04-06,SMS Out,17:41:11,N/A,0
8366256065,8334673086,064022071770182,064446978312372,2024-01-08,Voice Out,12:44:08,14:52:47,7719
8754470786,9716047486,313981315954572,357243832021319,2024-10-30,SMS Out,18:06:35,N/A,0
8043138732,8581916045,273076852486685,886598907365915,2024-10-05,Voice Out,19:23:40,21:34:39,7859
7982574554,7781243798,135125722662329,161145201063753,2024-11-15,SMS Out,16:34:51,N/A,0
7958574881,7168269389,036416776746384,736970950862896,2024-05-27,Voice In,02:20:43,03:48:02,5239
7982574554,8566239944,135125722662329,161145201063753,2024-05-04,SMS In,09:22:29,N/A,0
7031600359,8158925965,704931614462493,337386146437312,2024-05-26,SMS In,00:24:36,N/A,0
8298280128,7014841668,107716786163848,080756900262526,2024-08-23,SMS Out,22:15:32,N/A,0
8158925965,7970519500,963168385418603,123062308069895,2024-09-08,SMS In,17:43:38,N/A,0
7031600359,8298280128,704931614462493,337386146437312,2024-12-19,Voice Out,02:35:38,03:30:46,3308
7970519500,7806566906,156521595587514,068345727399167,2024-03-25,Voice In,00:44:03,02:26:12,6129
8533504784,9716047486,500239969025950,416646710583283,2024-01-02,SMS In,16:52:11,N/A,0
7045493330,8581916045,541315468880861,538843059035963,2024-07-09,SMS Out,02:06:30,N/A,0
7781243798,8298280128,068846037657665,137921029330216,2024-10-27,Voice In,15:34:55,16:01:03,1568
9522978199,8532263127,838572975908851,734723671082585,2024-04-06,SMS In,22:50:32,N/A,0
7168269389,8334673086,117538551127772,151106063048823,2024-02-21,SMS In,02:46:19,N/A,0
7263541753,7939465365,807814417213899,582639707972450,2024-12-17,SMS In,19:24:53,N/A,0
9522978199,7871757573,838572975908851,734723671082585,2024-10-01,SMS In,02:10:13,N/A,0
8836388495,9522978199,144288397673316,250448038255330,2024-08-02,Voice In,15:10:54,17:50:49,9595
7806566906,8098153439,062562145495284,718316146034816,2024-11-22,Voice Out,18:35:28,21:35:19,10791
7982574554,7168269389,135125722662329,161145201063753,2024-07-12,SMS Out,17:35:15,N/A,0
9716047486,9860867430,401271742616740,157493413098770,2024-06-08,SMS Out,04:14:18,N/A,0
7871757573,7970519500,388843621961935,850985620703714,2024-08-18,SMS Out,00:17:14,N/A,0
8366256065,7958574881,064022071770182,064446978312372,2024-10-09,Voice Out,04:10:36,05:30:15,4779
7460333207,8043138732,433303244036227,924843807081017,2024-07-10,SMS In,16:31:34,N/A,0
8298280128,9860867430,107716786163848,080756900262526,2024-02-10,SMS In,13:09:06,N/A,0
7014841668,7982574554,662302505079248,141507089367116,2024-05-23,SMS Out,13:34:41,N/A,0
7769490335,9269614701,790047229163152,924606356904398,2024-12-09,SMS Out,07:47:08,N/A,0
9893158376,8546153259,434109776314099,275742770742417,2024-11-01,SMS Out,22:14:23,N/A,0
9860867430,9522978199,235457378733517,442054499778935,2024-03-29,SMS Out,01:52:36,N/A,0
8098153439,8298280128,620452091541038,904378769763320,2024-10-03,Voice In,16:28:30,18:02:47,5657
8546153259,7014841668,230776734184963,700140413585133,2024-12-11,SMS Out,17:34:46,N/A,0
9860867430,8546153259,235457378733517,442054499778935,2024-11-13,SMS Out,11:51:32,N/A,0
9455651921,9680252122,031787059778317,112107182783448,2024-10-09,SMS Out,11:50:54,N/A,0
9514458697,8849351086,715218814171333,024472683020566,2024-09-24,Voice In,14:40:33,15:31:58,3085
9716047486,8532263127,401271742616740,157493413098770,2024-03-20,Voice Out,06:30:33,07:22:51,3138
8043138732,7871757573,273076852486685,886598907365915,2024-11-25,Voice In,09:27:52,10:29:21,3689
7781243798,7640598641,068846037657665,137921029330216,2024-12-14,SMS Out,08:46:40,N/A,0
8566239944,7045493330,287717969474467,606691959018165,2024-02-28,Voice Out,19:56:29,22:12:22,8153
8684364166,7769490335,222947218612360,885269053545031,2024-05-19,Voice Out,19:27:43,21:32:56,7513
9269614701,9860867430,113706123794039,999414593020286,2024-07-14,Voice In,17:23:23,19:52:00,8917
7781243798,7769490335,068846037657665,137921029330216,2024-06-11,Voice Out,05:19:51,06:26:58,4027
7781243798,7769490335,068846037657665,137921029330216,2024-10-13,Voice Out,22:03:51,23:37:03,5592
8298280128,7031600359,107716786163848,080756900262526,2024-09-08,Voice Out,11:59:59,13:57:22,7043
7348070948,8684364166,849207618190597,297755693320985,2024-06-11,Voice In,03:27:33,03:28:28,55
9893158376,7263541753,434109776314099,275742770742417,2024-03-17,SMS Out,09:53:30,N/A,0
7031600359,9242792393,704931614462493,337386146437312,2024-01-21,SMS Out,18:48:04,N/A,0
9860867430,7970519500,235457378733517,442054499778935,2024-08-20,SMS Out,11:54:29,N/A,0
8581916045,7028705640,056867908299113,137911514839499,2024-05-02,SMS In,07:08:45,N/A,0
8098153439,8334673086,620452091541038,904378769763320,2024-01-11,Voice Out,07:55:35,10:14:34,8339
8566239944,9726339577,287717969474467,606691959018165,2024-02-15,Voice Out,02:37:18,04:38:16,7258
8849351086,9860867430,845987109065920,606150578609348,2024-03-18,Voice In,02:48:19,03:16:36,1697
7871757573,7716701810,388843621961935,850985620703714,2024-07-05,Voice In,09:02:37,10:18:46,4569
8366256065,8836388495,064022071770182,064446978312372,2024-06-29,SMS Out,19:21:04,N/A,0
7031600359,8754470786,704931614462493,337386146437312,2024-01-13,Voice In,18:03:08,20:15:50,7962
7939465365,8836388495,352358327788419,108100035754906,2024-02-26,SMS In,09:34:11,N/A,0
9269614701,7871757573,113706123794039,999414593020286,2024-08-25,SMS Out,22:06:24,N/A,0
8566239944,7045493330,287717969474467,606691959018165,2024-05-02,Voice Out,18:09:28,18:28:07,1119
8098153439,9860867430,620452091541038,904378769763320,2024-03-13,Voice Out,09:42:28,11:14:33,5525
9455651921,8366256065,031787059778317,112107182783448,2024-09-11,SMS In,13:00:53,N/A,0
8566239944,9893158376,287717969474467,606691959018165,2024-03-19,SMS Out,10:38:28,N/A,0
8754470786,7014841668,313981315954572,357243832021319,2024-04-03,SMS In,07:57:18,N/A,0
7958574881,9680252122,036416776746384,736970950862896,2024-10-25,Voice In,10:51:23,11:22:06,1843
7028705640,8366256065,253463756543498,005803058135918,2024-01-16,Voice Out,20:17:27,21:49:37,5530
9514458697,7927181126,715218814171333,024472683020566,2024-03-25,Voice In,00:59:35,02:34:33,5698
9900284751,8546153259,408866507212774,357635519969195,2024-05-27,SMS In,18:59:35,N/A,0
7640598641,7045493330,294887372039913,608507055839403,2024-03-22,SMS Out,13:52:57,N/A,0
7045493330,7031600359,541315468880861,538843059035963,2024-12-14,Voice Out,07:41:26,09:41:39,7213
9726339577,9514458697,930874193674766,684381486913231,2024-03-09,SMS Out,10:05:23,N/A,0
9680252122,9242792393,313755378249842,765916816703907,2024-07-20,Voice Out,16:15:13,18:27:23,7930
8684364166,8158925965,222947218612360,885269053545031,2024-08-26,Voice In,18:07:08,20:07:09,7201
7958574881,9455651921,036416776746384,736970950862896,2024-04-05,Voice In,16:35:44,19:22:45,10021
9242792393,8684364166,407864753185744,599135533055726,2024-05-14,SMS In,19:26:44,N/A,0
9860867430,7958574881,235457378733517,442054499778935,2024-04-07,SMS Out,09:46:54,N/A,0
8334673086,9726339577,583027812159898,798239532595296,2024-09-28,Voice In,20:03:26,22:59:46,10580
9514458697,8043138732,715218814171333,024472683020566,2024-07-11,SMS In,15:54:46,N/A,0
8334673086,9514458697,583027812159898,798239532595296,2024-03-10,Voice Out,09:44:26,10:18:30,2044
7045493330,7348070948,541315468880861,538843059035963,2024-04-30,Voice Out,10:06:14,10:53:21,2827
8754470786,7927181126,313981315954572,357243832021319,2024-07-10,Voice In,11:43:19,13:21:36,5897
7871757573,7781243798,388843621961935,850985620703714,2024-04-06,Voice In,22:35:40,23:19:35,2635
8566239944,9716047486,287717969474467,606691959018165,2024-03-03,SMS In,04:13:11,N/A,0
9716047486,7982574554,401271742616740,157493413098770,2024-12-01,SMS Out,22:58:40,N/A,0
7348070948,7871757573,849207618190597,297755693320985,2024-04-06,Voice In,09:22:22,12:09:43,10041
7806566906,7958574881,062562145495284,718316146034816,2024-06-04,Voice In,06:20:54,07:03:46,2572
8334673086,7460333207,583027812159898,798239532595296,2024-04-27,SMS In,15:08:41,N/A,0
7031600359,9893158376,704931614462493,337386146437312,2024-01-20,Voice In,09:10:35,10:31:15,4840
9242792393,7769490335,407864753185744,599135533055726,2024-12-21,Voice In,23:52:06,02:23:53,9107
9974178652,9680252122,270191394609903,931685839952202,2024-11-28,SMS In,02:38:02,N/A,0
7958574881,7769490335,036416776746384,736970950862896,2024-11-02,Voice In,14:09:17,16:44:27,9310
9680252122,8566239944,313755378249842,765916816703907,2024-12-29,SMS In,18:31:51,N/A,0
8546153259,9716047486,230776734184963,700140413585133,2024-03-09,Voice In,02:46:27,04:53:59,7652
7014841668,8684364166,662302505079248,141507089367116,2024-09-15,Voice Out,06:04:08,06:31:40,1652
8684364166,8366256065,222947218612360,885269053545031,2024-09-10,SMS Out,15:46:49,N/A,0
8533504784,8754470786,500239969025950,416646710583283,2024-08-11,SMS Out,12:34:45,N/A,0
8546153259,8566239944,230776734184963,700140413585133,2024-07-27,SMS Out,16:18:55,N/A,0
7871757573,9242792393,388843621961935,850985620703714,2024-11-13,SMS Out,02:33:22,N/A,0
9974178652,9716047486,270191394609903,931685839952202,2024-11-19,Voice In,01:22:35,03:57:41,9306
9269614701,9455651921,113706123794039,999414593020286,2024-02-21,SMS In,10:59:31,N/A,0
8227392916,8158925965,937178121815496,385630268238037,2024-08-18,Voice In,20:38:20,21:43:55,3935
7939465365,8227392916,352358327788419,108100035754906,2024-12-30,SMS In,00:43:47,N/A,0
7348070948,8366256065,849207618190597,297755693320985,2024-11-18,Voice In,10:35:15,12:53:57,8322
8581916045,7031600359,056867908299113,137911514839499,2024-02-15,Voice Out,21:59:23,23:12:03,4360
7640598641,7939465365,294887372039913,608507055839403,2024-01-03,SMS Out,17:22:31,N/A,0
9716047486,7769490335,401271742616740,157493413098770,2024-09-05,SMS Out,21:40:31,N/A,0
7045493330,8158925965,541315468880861,538843059035963,2024-11-28,Voice Out,23:12:33,01:54:51,9738
9726339577,8754470786,930874193674766,684381486913231,2024-10-05,SMS In,18:14:40,N/A,0
8043138732,7045493330,273076852486685,886598907365915,2024-09-23,SMS Out,04:49:55,N/A,0
8158925965,7460333207,963168385418603,123062308069895,2024-11-29,SMS In,18:41:41,N/A,0
7348070948,8366256065,849207618190597,297755693320985,2024-03-29,Voice In,19:32:28,21:04:33,5525
7028705640,9522978199,253463756543498,005803058135918,2024-04-08,Voice In,05:38:41,08:29:08,10227
7958574881,7781243798,036416776746384,736970950862896,2024-08-20,SMS Out,02:18:49,N/A,0
9514458697,7871757573,715218814171333,024472683020566,2024-11-23,SMS In,16:55:37,N/A,0
7927181126,7939465365,178673952581511,090908020975545,2024-07-28,SMS In,16:11:07,N/A,0
8227392916,9860867430,937178121815496,385630268238037,2024-11-26,SMS Out,20:20:42,N/A,0
7806566906,8533504784,062562145495284,718316146034816,2024-04-09,Voice In,18:03:25,19:33:34,5409
9860867430,9455651921,235457378733517,442054499778935,2024-03-01,Voice In,22:22:50,01:09:43,10013
8546153259,7982574554,230776734184963,700140413585133,2024-04-15,Voice In,14:32:14,15:36:00,3826
7168269389,7970519500,117538551127772,151106063048823,2024-09-29,Voice In,03:10:38,03:46:02,2124
9242792393,9974178652,407864753185744,599135533055726,2024-12-15,Voice Out,04:25:16,05:33:25,4089
7031600359,7014841668,704931614462493,337386146437312,2024-06-28,Voice Out,08:33:21,09:31:39,3498
7460333207,7716701810,433303244036227,924843807081017,2024-02-18,SMS In,11:41:28,N/A,0
7168269389,9974178652,117538551127772,151106063048823,2024-08-08,SMS Out,21:27:34,N/A,0
8043138732,8849351086,273076852486685,886598907365915,2024-11-18,Voice Out,17:22:03,20:13:39,10296
7168269389,9469770332,117538551127772,151106063048823,2024-06-01,Voice In,15:25:33,15:53:28,1675
7263541753,9514458697,807814417213899,582639707972450,2024-06-11,SMS In,06:51:15,N/A,0
9680252122,7970519500,313755378249842,765916816703907,2024-02-26,Voice In,13:04:17,14:40:07,5750
8754470786,9726339577,313981315954572,357243832021319,2024-01-13,Voice Out,03:20:50,03:30:37,587
7045493330,9893158376,541315468880861,538843059035963,2024-10-31,Voice In,09:58:20,10:24:18,1558
8532263127,9900284751,572009376387329,949461410385002,2024-11-01,Voice Out,17:24:53,18:04:23,2370
8334673086,7138293654,583027812159898,798239532595296,2024-03-31,SMS Out,10:07:01,N/A,0
8298280128,7348070948,107716786163848,080756900262526,2024-11-06,SMS In,14:07:45,N/A,0
7138293654,7716701810,651372636966859,376823565801248,2024-05-16,Voice In,13:58:47,14:34:53,2166
7958574881,8754470786,036416776746384,736970950862896,2024-05-08,SMS Out,03:30:57,N/A,0
9680252122,9974178652,313755378249842,765916816703907,2024-07-16,Voice Out,20:28:02,21:30:26,3744
8581916045,7168269389,056867908299113,137911514839499,2024-04-26,Voice In,03:46:35,05:50:47,7452
7263541753,9716047486,807814417213899,582639707972450,2024-11-10,SMS In,15:03:15,N/A,0
7927181126,9900284751,178673952581511,090908020975545,2024-04-12,SMS In,00:43:45,N/A,0
7769490335,9455651921,790047229163152,924606356904398,2024-02-27,Voice In,11:52:21,14:13:47,8486
8836388495,7168269389,144288397673316,250448038255330,2024-07-03,SMS Out,07:33:20,N/A,0
8566239944,7640598641,287717969474467,606691959018165,2024-10-07,Voice In,16:39:57,18:39:26,7169
8684364166,7640598641,222947218612360,885269053545031,2024-11-24,Voice In,05:33:31,05:47:36,845
9974178652,8366256065,270191394609903,931685839952202,2024-02-08,SMS Out,22:41:05,N/A,0
9680252122,8227392916,313755378249842,765916816703907,2024-02-16,SMS Out,16:42:25,N/A,0
9242792393,9716047486,407864753185744,599135533055726,2024-03-29,SMS In,06:34:55,N/A,0
7970519500,7460333207,156521595587514,068345727399167,2024-02-23,SMS In,15:46:25,N/A,0
7769490335,8566239944,790047229163152,924606356904398,2024-10-18,SMS Out,17:26:25,N/A,0
7970519500,7263541753,156521595587514,068345727399167,2024-07-08,SMS Out,15:26:03,N/A,0
9242792393,7460333207,407864753185744,599135533055726,2024-08-24,Voice Out,17:36:05,18:20:35,2670
7927181126,9860867430,178673952581511,090908020975545,2024-03-19,Voice Out,04:55:48,05:49:31,3223
7716701810,7958574881,771297485960652,354074154150902,2024-08-21,Voice In,10:02:08,10:54:22,3134
7640598641,9469770332,294887372039913,608507055839403,2024-03-20,SMS Out,02:12:20,N/A,0
8533504784,8366256065,500239969025950,416646710583283,2024-02-27,SMS Out,12:26:32,N/A,0
8043138732,7769490335,273076852486685,886598907365915,2024-04-15,SMS In,07:58:37,N/A,0
8546153259,9469770332,230776734184963,700140413585133,2024-09-15,Voice Out,04:00:05,04:30:46,1841
7138293654,8227392916,651372636966859,376823565801248,2024-05-02,SMS In,01:47:44,N/A,0
7028705640,9469770332,253463756543498,005803058135918,2024-07-02,SMS In,22:02:13,N/A,0
9455651921,8566239944,031787059778317,112107182783448,2024-05-08,Voice In,02:22:10,03:16:38,3268
7168269389,8532263127,117538551127772,151106063048823,2024-07-15,Voice In,05:28:09,06:01:53,2024
7640598641,8836388495,294887372039913,608507055839403,2024-02-25,Voice In,17:12:25,19:39:51,8846
8098153439,7806566906,620452091541038,904378769763320,2024-09-12,SMS Out,01:21:12,N/A,0
7982574554,9900284751,135125722662329,161145201063753,2024-02-24,SMS In,09:32:11,N/A,0
7014841668,8334673086,662302505079248,141507089367116,2024-10-28,Voice In,19:06:42,20:55:53,6551
8098153439,9242792393,620452091541038,904378769763320,2024-12-17,SMS In,10:10:47,N/A,0
9900284751,7014841668,408866507212774,357635519969195,2024-06-15,Voice In,19:15:42,19:41:28,1546
8533504784,7045493330,500239969025950,416646710583283,2024-10-02,Voice In,06:27:30,06:29:02,92
8298280128,9242792393,107716786163848,080756900262526,2024-08-22,Voice Out,20:41:46,23:23:47,9721
8098153439,9900284751,620452091541038,904378769763320,2024-02-01,Voice Out,20:28:20,23:18:40,10220
7609902824,8836388495,476890846687669,983664113285101,2024-09-10,SMS In,16:13:06,N/A,0
7982574554,9680252122,135125722662329,161145201063753,2024-03-01,SMS Out,04:52:36,N/A,0
7716701810,9455651921,771297485960652,354074154150902,2024-11-06,SMS Out,22:45:24,N/A,0
8227392916,7970519500,937178121815496,385630268238037,2024-03-29,Voice Out,00:55:57,01:34:33,2316
8836388495,7460333207,144288397673316,250448038255330,2024-05-19,Voice Out,03:47:22,06:33:29,9967
8533504784,9974178652,500239969025950,416646710583283,2024-08-19,Voice Out,14:14:51,16:51:58,9427
7769490335,9269614701,790047229163152,924606356904398,2024-07-13,SMS Out,11:58:24,N/A,0
9893158376,7939465365,434109776314099,275742770742417,2024-08-01,SMS In,16:10:57,N/A,0
7970519500,8566239944,156521595587514,068345727399167,2024-03-24,Voice In,20:05:47,20:14:05,498
9893158376,8366256065,434109776314099,275742770742417,2024-12-10,SMS Out,16:32:39,N/A,0
8098153439,8533504784,620452091541038,904378769763320,2024-04-14,Voice In,03:00:08,04:43:48,6220
8532263127,9726339577,572009376387329,949461410385002,2024-05-27,Voice In,16:23:55,18:42:33,8318
7138293654,8158925965,651372636966859,376823565801248,2024-10-25,SMS Out,16:19:26,N/A,0
7640598641,9893158376,294887372039913,608507055839403,2024-08-02,SMS In,05:36:04,N/A,0
7927181126,7871757573,178673952581511,090908020975545,2024-01-20,SMS Out,15:00:20,N/A,0
8849351086,9893158376,845987109065920,606150578609348,2024-01-17,Voice Out,09:30:49,11:37:26,7597
8836388495,9893158376,144288397673316,250448038255330,2024-12-23,Voice In,10:03:37,12:58:46,10509
8158925965,8098153439,963168385418603,123062308069895,2024-07-02,Voice In,06:13:21,08:30:50,8249
9269614701,7958574881,113706123794039,999414593020286,2024-01-28,Voice In,17:50:02,17:58:24,502
7348070948,7716701810,849207618190597,297755693320985,2024-06-02,SMS In,15:47:27,N/A,0
9726339577,7927181126,930874193674766,684381486913231,2024-10-27,Voice In,00:35:13,00:40:37,324
7982574554,7014841668,135125722662329,161145201063753,2024-11-21,SMS In,08:48:22,N/A,0
7939465365,8532263127,352358327788419,108100035754906,2024-12-21,Voice In,00:05:25,02:42:39,9434
8334673086,7769490335,583027812159898,798239532595296,2024-05-30,SMS Out,03:27:24,N/A,0
8532263127,8754470786,572009376387329,949461410385002,2024-07-26,SMS In,23:34:31,N/A,0
9726339577,7460333207,930874193674766,684381486913231,2024-10-24,SMS In,16:31:54,N/A,0
7781243798,7045493330,068846037657665,137921029330216,2024-02-06,SMS In,13:54:24,N/A,0
8581916045,8334673086,056867908299113,137911514839499,2024-09-23,Voice Out,17:34:03,18:13:16,2353
9522978199,8298280128,838572975908851,734723671082585,2024-11-10,Voice Out,00:42:17,02:07:34,5117
9269614701,7460333207,113706123794039,999414593020286,2024-05-19,SMS In,04:40:03,N/A,0
7138293654,8754470786,651372636966859,376823565801248,2024-11-23,Voice Out,21:28:30,00:19:08,10238
8158925965,7031600359,963168385418603,123062308069895,2024-09-09,Voice In,03:28:40,04:14:23,2743
8334673086,9514458697,583027812159898,798239532595296,2024-04-06,Voice Out,07:35:46,09:47:50,7924
8836388495,7939465365,144288397673316,250448038255330,2024-12-07,SMS In,05:27:35,N/A,0
8533504784,9469770332,500239969025950,416646710583283,2024-08-11,Voice In,18:15:31,18:21:55,384
9242792393,7031600359,407864753185744,599135533055726,2024-10-13,SMS Out,04:57:46,N/A,0
7970519500,9514458697,156521595587514,068345727399167,2024-02-25,SMS In,16:58:40,N/A,0
7640598641,7982574554,294887372039913,608507055839403,2024-07-06,SMS Out,10:31:31,N/A,0
8043138732,8532263127,273076852486685,886598907365915,2024-05-29,Voice In,16:48:13,17:19:06,1853
7640598641,8043138732,294887372039913,608507055839403,2024-12-13,SMS Out,02:53:26,N/A,0
7045493330,8043138732,541315468880861,538843059035963,2024-04-01,SMS In,06:46:47,N/A,0
7640598641,7970519500,294887372039913,608507055839403,2024-10-15,Voice Out,19:35:43,22:20:35,9892
8334673086,7028705640,583027812159898,798239532595296,2024-12-03,SMS Out,08:36:42,N/A,0
8043138732,7609902824,273076852486685,886598907365915,2024-06-04,Voice Out,20:51:26,21:46:58,3332
7014841668,8366256065,662302505079248,141507089367116,2024-12-02,SMS Out,13:44:18,N/A,0
9522978199,9680252122,838572975908851,734723671082585,2024-09-28,SMS In,15:55:00,N/A,0
9860867430,8684364166,235457378733517,442054499778935,2024-02-10,SMS Out,13:49:15,N/A,0
9860867430,7716701810,235457378733517,442054499778935,2024-12-07,SMS In,04:56:36,N/A,0
8849351086,8098153439,845987109065920,606150578609348,2024-03-23,Voice In,12:32:30,13:10:42,2292
9469770332,8566239944,435422008921139,267573258885144,2024-03-14,Voice In,16:02:48,16:16:12,804
8227392916,9469770332,937178121815496,385630268238037,2024-08-18,Voice In,19:37:30,20:22:54,2724
7263541753,8684364166,807814417213899,582639707972450,2024-03-19,Voice Out,10:08:10,12:41:24,9194
7927181126,7168269389,178673952581511,090908020975545,2024-08-20,Voice Out,15:49:35,16:24:54,2119
7460333207,8098153439,433303244036227,924843807081017,2024-03-04,SMS In,08:24:21,N/A,0
7769490335,7168269389,790047229163152,924606356904398,2024-07-25,Voice In,02:30:13,03:13:30,2597
8227392916,7460333207,937178121815496,385630268238037,2024-04-17,SMS In,21:17:45,N/A,0
9680252122,8849351086,313755378249842,765916816703907,2024-06-04,Voice Out,19:45:44,20:20:58,2114
8836388495,8754470786,144288397673316,250448038255330,2024-02-28,Voice In,23:09:49,01:03:16,6807
7031600359,7716701810,704931614462493,337386146437312,2024-03-07,SMS In,05:56:37,N/A,0
9860867430,7716701810,235457378733517,442054499778935,2024-03-12,Voice Out,04:46:15,05:23:28,2233
9716047486,7168269389,401271742616740,157493413098770,2024-10-08,SMS Out,08:24:43,N/A,0
9726339577,9900284751,930874193674766,684381486913231,2024-07-12,SMS In,19:36:25,N/A,0
7716701810,7939465365,771297485960652,354074154150902,2024-11-25,SMS In,06:50:10,N/A,0
7028705640,9726339577,253463756543498,005803058135918,2024-06-07,SMS Out,22:44:08,N/A,0
8533504784,7014841668,500239969025950,416646710583283,2024-07-04,SMS In,12:18:24,N/A,0
7640598641,7263541753,294887372039913,608507055839403,2024-07-09,Voice Out,00:54:47,01:58:36,3829
8098153439,7263541753,620452091541038,904378769763320,2024-04-15,SMS Out,22:20:26,N/A,0
7263541753,7168269389,807814417213899,582639707972450,2024-06-15,SMS In,01:33:46,N/A,0
8298280128,8581916045,107716786163848,080756900262526,2024-04-28,Voice In,08:00:12,08:58:54,3522
7958574881,8546153259,036416776746384,736970950862896,2024-09-20,Voice Out,19:12:32,20:51:17,5925
8098153439,7871757573,620452091541038,904378769763320,2024-02-19,SMS Out,13:54:52,N/A,0
7927181126,9860867430,178673952581511,090908020975545,2024-04-21,Voice Out,23:22:09,00:25:19,3790
9522978199,7769490335,838572975908851,734723671082585,2024-05-26,SMS Out,07:48:14,N/A,0
9455651921,7958574881,031787059778317,112107182783448,2024-05-18,SMS In,05:03:58,N/A,0
9716047486,8566239944,401271742616740,157493413098770,2024-10-02,SMS In,23:56:09,N/A,0
9514458697,9893158376,715218814171333,024472683020566,2024-10-09,Voice Out,22:44:42,00:52:32,7670
7028705640,9269614701,253463756543498,005803058135918,2024-03-15,Voice Out,01:19:54,02:14:45,3291
9860867430,9900284751,235457378733517,442054499778935,2024-08-05,SMS Out,10:37:11,N/A,0
7640598641,8581916045,294887372039913,608507055839403,2024-01-19,SMS In,11:24:49,N/A,0
7168269389,8546153259,117538551127772,151106063048823,2024-01-25,Voice Out,02:16:47,02:42:33,1546
7781243798,9680252122,068846037657665,137921029330216,2024-09-22,SMS In,11:12:51,N/A,0
7168269389,7716701810,117538551127772,151106063048823,2024-01-27,Voice Out,01:36:19,03:55:13,8334
8754470786,7781243798,313981315954572,357243832021319,2024-02-03,SMS Out,20:15:23,N/A,0
7958574881,8158925965,036416776746384,736970950862896,2024-12-17,SMS Out,04:32:29,N/A,0
9242792393,8158925965,407864753185744,599135533055726,2024-01-16,Voice In,08:10:05,08:43:51,2026
7460333207,8566239944,433303244036227,924843807081017,2024-10-12,SMS Out,03:26:48,N/A,0
9269614701,8043138732,113706123794039,999414593020286,2024-12-04,Voice Out,09:53:09,12:42:05,10136
9900284751,7927181126,408866507212774,357635519969195,2024-03-12,Voice In,09:06:14,10:54:45,6511
8158925965,7806566906,963168385418603,123062308069895,2024-08-29,Voice Out,14:02:38,16:49:35,10017
7781243798,8754470786,068846037657665,137921029330216,2024-08-13,SMS Out,01:15:16,N/A,0
9242792393,7958574881,407864753185744,599135533055726,2024-02-29,SMS In,03:07:43,N/A,0
9716047486,9514458697,401271742616740,157493413098770,2024-10-23,Voice In,01:17:36,01:43:36,1560
7640598641,7871757573,294887372039913,608507055839403,2024-12-08,Voice Out,17:29:49,20:25:13,10524
7806566906,9974178652,062562145495284,718316146034816,2024-02-05,SMS Out,04:21:58,N/A,0
7263541753,7168269389,807814417213899,582639707972450,2024-02-14,Voice In,08:59:52,11:23:32,8620
8566239944,9726339577,287717969474467,606691959018165,2024-03-09,SMS In,17:56:29,N/A,0
8227392916,9514458697,937178121815496,385630268238037,2024-07-25,SMS In,00:03:47,N/A,0
7609902824,9242792393,476890846687669,983664113285101,2024-12-28,Voice In,17:01:02,18:05:28,3866
8366256065,7939465365,064022071770182,064446978312372,2024-09-11,SMS Out,19:53:10,N/A,0
9893158376,7138293654,434109776314099,275742770742417,2024-09-02,Voice Out,12:10:16,13:27:34,4638
9860867430,7927181126,235457378733517,442054499778935,2024-11-28,SMS In,05:25:45,N/A,0
8566239944,8836388495,287717969474467,606691959018165,2024-10-17,Voice In,20:17:10,22:27:12,7802
8227392916,9900284751,937178121815496,385630268238037,2024-04-24,SMS Out,20:20:48,N/A,0
9455651921,9522978199,031787059778317,112107182783448,2024-11-17,Voice In,12:29:52,15:20:46,10254
7716701810,7982574554,771297485960652,354074154150902,2024-06-25,SMS In,14:01:31,N/A,0
7031600359,7939465365,704931614462493,337386146437312,2024-09-16,SMS Out,06:00:23,N/A,0
7348070948,8532263127,849207618190597,297755693320985,2024-02-02,Voice Out,14:51:15,15:12:35,1280
9716047486,9522978199,401271742616740,157493413098770,2024-01-18,Voice In,08:29:02,11:09:39,9637
8684364166,8849351086,222947218612360,885269053545031,2024-01-31,SMS In,10:54:42,N/A,0
8566239944,8298280128,287717969474467,606691959018165,2024-08-25,Voice Out,11:09:39,12:24:09,4470
9900284751,7806566906,408866507212774,357635519969195,2024-06-06,SMS In,19:08:36,N/A,0
7781243798,7927181126,068846037657665,137921029330216,2024-03-19,SMS In,01:40:11,N/A,0
7014841668,7769490335,662302505079248,141507089367116,2024-05-08,Voice In,23:05:10,01:34:35,8965
9860867430,7460333207,235457378733517,442054499778935,2024-11-06,SMS Out,11:30:18,N/A,0
7348070948,8684364166,849207618190597,297755693320985,2024-05-04,SMS In,13:33:28,N/A,0
8684364166,7263541753,222947218612360,885269053545031,2024-09-14,Voice In,19:52:53,22:51:45,10732
7781243798,7014841668,068846037657665,137921029330216,2024-08-06,Voice Out,10:42:27,13:19:35,9428
9242792393,7045493330,407864753185744,599135533055726,2024-06-13,SMS Out,13:07:08,N/A,0
8849351086,7871757573,845987109065920,606150578609348,2024-02-19,SMS In,19:34:37,N/A,0
9514458697,8334673086,715218814171333,024472683020566,2024-04-28,Voice Out,06:33:19,06:38:58,339
7609902824,8532263127,476890846687669,983664113285101,2024-04-10,Voice In,06:55:14,07:23:27,1693
7939465365,9242792393,352358327788419,108100035754906,2024-05-13,SMS In,23:29:05,N/A,0
9716047486,9860867430,401271742616740,157493413098770,2024-05-31,SMS Out,14:14:08,N/A,0
8298280128,7640598641,107716786163848,080756900262526,2024-05-28,Voice In,13:33:27,15:34:57,7290
8754470786,9455651921,313981315954572,357243832021319,2024-02-29,Voice Out,07:47:13,09:11:56,5083
7045493330,9900284751,541315468880861,538843059035963,2024-02-15,Voice Out,02:21:35,03:28:18,4003
7871757573,7263541753,388843621961935,850985620703714,2024-11-13,SMS In,16:53:47,N/A,0
7970519500,8532263127,156521595587514,068345727399167,2024-12-21,Voice Out,09:24:44,11:06:32,6108
7014841668,9514458697,662302505079248,141507089367116,2024-04-22,SMS In,09:52:19,N/A,0
9974178652,9716047486,270191394609903,931685839952202,2024-11-18,SMS In,10:30:59,N/A,0
9455651921,7348070948,031787059778317,112107182783448,2024-04-13,SMS Out,08:36:29,N/A,0
7168269389,7348070948,117538551127772,151106063048823,2024-12-21,SMS Out,15:47:33,N/A,0
8684364166,9860867430,222947218612360,885269053545031,2024-10-13,Voice Out,12:54:54,14:18:26,5012
7348070948,7031600359,849207618190597,297755693320985,2024-06-05,SMS In,14:38:53,N/A,0
9900284751,8366256065,408866507212774,357635519969195,2024-09-25,Voice Out,23:03:39,01:31:10,8851
9893158376,8849351086,434109776314099,275742770742417,2024-02-25,SMS In,21:35:34,N/A,0
7348070948,8334673086,849207618190597,297755693320985,2024-04-06,Voice In,17:32:52,17:36:21,209
7927181126,9716047486,178673952581511,090908020975545,2024-04-06,SMS Out,22:04:41,N/A,0
7460333207,9680252122,433303244036227,924843807081017,2024-02-08,SMS In,17:02:48,N/A,0
7640598641,9726339577,294887372039913,608507055839403,2024-02-29,SMS In,10:42:47,N/A,0
7939465365,9269614701,352358327788419,108100035754906,2024-10-07,SMS Out,22:51:04,N/A,0
7939465365,7871757573,352358327788419,108100035754906,2024-01-12,Voice Out,17:16:34,18:59:37,6183
7031600359,7263541753,704931614462493,337386146437312,2024-05-25,Voice In,00:12:52,01:34:50,4918
7640598641,8043138732,294887372039913,608507055839403,2024-07-03,SMS In,04:38:35,N/A,0
8533504784,7716701810,500239969025950,416646710583283,2024-05-10,Voice Out,22:24:51,22:28:28,217
8098153439,7958574881,620452091541038,904378769763320,2024-01-07,SMS Out,13:59:13,N/A,0
9900284751,9522978199,408866507212774,357635519969195,2024-09-11,SMS Out,22:28:57,N/A,0
7769490335,7970519500,790047229163152,924606356904398,2024-12-13,SMS In,09:57:30,N/A,0
8098153439,8158925965,620452091541038,904378769763320,2024-06-25,SMS In,10:00:06,N/A,0
7769490335,7031600359,790047229163152,924606356904398,2024-04-30,Voice Out,01:56:21,03:04:23,4082
9522978199,9680252122,838572975908851,734723671082585,2024-07-03,Voice Out,13:02:11,15:43:41,9690
8836388495,8849351086,144288397673316,250448038255330,2024-01-14,SMS Out,04:19:26,N/A,0
7168269389,7806566906,117538551127772,151106063048823,2024-05-07,Voice In,20:20:39,21:00:50,2411
8158925965,7806566906,963168385418603,123062308069895,2024-09-11,SMS In,12:56:12,N/A,0
9680252122,8546153259,313755378249842,765916816703907,2024-12-30,SMS Out,21:07:05,N/A,0
8366256065,7939465365,064022071770182,064446978312372,2024-02-27,SMS Out,23:32:51,N/A,0
7138293654,9860867430,651372636966859,376823565801248,2024-12-11,Voice In,10:11:57,12:47:37,9340
8098153439,8581916045,620452091541038,904378769763320,2024-01-19,SMS Out,11:33:37,N/A,0
8581916045,9974178652,056867908299113,137911514839499,2024-08-14,SMS Out,14:02:52,N/A,0
7168269389,8566239944,117538551127772,151106063048823,2024-07-09,Voice Out,14:18:41,15:29:47,4266
7970519500,7028705640,156521595587514,068345727399167,2024-11-07,Voice Out,11:40:10,14:15:57,9347
8334673086,8836388495,583027812159898,798239532595296,2024-03-26,Voice In,14:44:34,17:08:28,8634
7045493330,9242792393,541315468880861,538843059035963,2024-09-11,SMS Out,17:07:30,N/A,0
7958574881,9680252122,036416776746384,736970950862896,2024-12-26,Voice Out,20:47:30,21:56:45,4155
9900284751,8227392916,408866507212774,357635519969195,2024-07-01,SMS Out,08:56:38,N/A,0
9860867430,8546153259,235457378733517,442054499778935,2024-10-02,Voice Out,01:14:40,02:22:09,4049
9469770332,7640598641,435422008921139,267573258885144,2024-05-30,SMS In,09:33:00,N/A,0
8836388495,9269614701,144288397673316,250448038255330,2024-07-04,Voice In,12:57:12,15:03:31,7579
7640598641,9514458697,294887372039913,608507055839403,2024-07-08,SMS In,16:01:12,N/A,0
7348070948,7927181126,849207618190597,297755693320985,2024-09-01,SMS Out,04:08:57,N/A,0
8581916045,8298280128,056867908299113,137911514839499,2024-03-31,Voice Out,10:42:47,13:28:27,9940
8836388495,7982574554,144288397673316,250448038255330,2024-02-15,Voice In,18:13:49,18:17:07,198
9893158376,9680252122,434109776314099,275742770742417,2024-03-05,Voice Out,20:09:55,22:01:04,6669
8533504784,8684364166,500239969025950,416646710583283,2024-10-25,Voice In,04:31:54,05:23:25,3091
7031600359,8098153439,704931614462493,337386146437312,2024-12-23,Voice Out,10:06:15,12:02:24,6969
7014841668,8334673086,662302505079248,141507089367116,2024-10-17,SMS In,01:17:26,N/A,0
7769490335,7781243798,790047229163152,924606356904398,2024-02-26,Voice Out,16:21:00,19:00:00,9540
7263541753,9900284751,807814417213899,582639707972450,2024-11-05,Voice In,12:16:19,14:42:13,8754
9860867430,7716701810,235457378733517,442054499778935,2024-02-29,Voice In,02:03:10,02:59:26,3376
7806566906,8836388495,062562145495284,718316146034816,2024-11-23,Voice Out,08:28:32,08:34:49,377
8366256065,9269614701,064022071770182,064446978312372,2024-03-23,SMS In,01:36:17,N/A,0
8227392916,8158925965,937178121815496,385630268238037,2024-11-02,Voice In,21:53:38,21:56:49,191
9514458697,8849351086,715218814171333,024472683020566,2024-12-20,Voice In,00:36:51,03:01:52,8701
8546153259,9726339577,230776734184963,700140413585133,2024-01-19,Voice In,13:22:28,13:39:24,1016
8298280128,9269614701,107716786163848,080756900262526,2024-01-24,SMS In,20:59:44,N/A,0
9242792393,8043138732,407864753185744,599135533055726,2024-03-20,Voice Out,21:03:28,21:27:20,1432
8684364166,8581916045,222947218612360,885269053545031,2024-10-02,Voice In,17:17:31,17:31:55,864
8836388495,9242792393,144288397673316,250448038255330,2024-01-18,Voice Out,22:59:02,01:27:27,8905
8754470786,7138293654,313981315954572,357243832021319,2024-11-24,Voice Out,07:10:30,09:41:13,9043
9514458697,7716701810,715218814171333,024472683020566,2024-12-07,Voice Out,01:49:58,03:45:14,6916
7348070948,7769490335,849207618190597,297755693320985,2024-05-19,SMS In,12:26:04,N/A,0
7927181126,8366256065,178673952581511,090908020975545,2024-06-18,Voice In,12:05:39,12:16:18,639
7138293654,8836388495,651372636966859,376823565801248,2024-05-04,Voice Out,08:10:09,09:17:20,4031
9522978199,7014841668,838572975908851,734723671082585,2024-02-14,SMS In,03:37:30,N/A,0
9522978199,7806566906,838572975908851,734723671082585,2024-03-10,SMS Out,13:23:25,N/A,0
7939465365,7031600359,352358327788419,108100035754906,2024-09-15,Voice In,10:21:19,12:07:25,6366
7138293654,9716047486,651372636966859,376823565801248,2024-06-23,SMS Out,21:41:42,N/A,0
8227392916,9860867430,937178121815496,385630268238037,2024-03-04,SMS Out,21:39:34,N/A,0
8546153259,7640598641,230776734184963,700140413585133,2024-11-13,SMS In,00:34:22,N/A,0
7045493330,7927181126,541315468880861,538843059035963,2024-09-05,SMS Out,12:15:01,N/A,0
7871757573,7014841668,388843621961935,850985620703714,2024-01-20,Voice Out,03:28:24,05:41:09,7965
7781243798,9726339577,068846037657665,137921029330216,2024-11-18,Voice In,13:12:53,14:45:16,5543
9974178652,8532263127,270191394609903,931685839952202,2024-01-26,Voice Out,15:59:05,17:49:18,6613
7045493330,7871757573,541315468880861,538843059035963,2024-07-16,Voice Out,01:53:40,04:26:38,9178
7958574881,8566239944,036416776746384,736970950862896,2024-09-03,SMS Out,04:24:10,N/A,0
7609902824,8043138732,476890846687669,983664113285101,2024-03-12,Voice In,19:37:06,21:40:51,7425
9522978199,7806566906,838572975908851,734723671082585,2024-04-09,SMS In,18:48:42,N/A,0
8533504784,8849351086,500239969025950,416646710583283,2024-04-17,SMS In,14:44:17,N/A,0
8684364166,8754470786,222947218612360,885269053545031,2024-03-27,SMS In,03:50:37,N/A,0
7014841668,8754470786,662302505079248,141507089367116,2024-10-29,Voice In,17:49:08,17:53:33,265
9716047486,8566239944,401271742616740,157493413098770,2024-09-09,Voice Out,09:44:16,11:27:09,6173
8298280128,9269614701,107716786163848,080756900262526,2024-02-10,SMS Out,00:33:10,N/A,0
7045493330,7460333207,541315468880861,538843059035963,2024-12-19,SMS Out,17:56:16,N/A,0
9242792393,7014841668,407864753185744,599135533055726,2024-10-10,Voice Out,23:58:32,01:31:11,5559
8533504784,9893158376,500239969025950,416646710583283,2024-11-14,SMS In,11:24:42,N/A,0
9469770332,9726339577,435422008921139,267573258885144,2024-04-05,SMS Out,12:02:03,N/A,0
7769490335,9726339577,790047229163152,924606356904398,2024-07-12,Voice In,17:25:13,19:58:02,9169
9514458697,7871757573,715218814171333,024472683020566,2024-12-18,SMS Out,02:46:14,N/A,0
8546153259,8098153439,230776734184963,700140413585133,2024-06-23,SMS In,23:10:50,N/A,0
8532263127,7045493330,572009376387329,949461410385002,2024-12-04,Voice Out,18:49:48,19:34:34,2686
7028705640,9522978199,253463756543498,005803058135918,2024-02-04,SMS In,16:28:03,N/A,0
9726339577,9974178652,930874193674766,684381486913231,2024-03-13,Voice In,16:07:02,17:46:02,5940
9716047486,7348070948,401271742616740,157493413098770,2024-04-07,Voice Out,07:27:06,08:54:05,5219
7982574554,8366256065,135125722662329,161145201063753,2024-10-30,Voice In,05:08:14,07:18:29,7815
9860867430,8043138732,235457378733517,442054499778935,2024-07-27,Voice In,07:45:34,10:05:54,8420
